Timestamp,Server_ID,CPU_pct,Memory_pct,Disk_pct,Temperature_C,Network_MBps,Fan_RPM,Power_kW,Error_Count,Anomaly_Flag,Failure_Within_24h,Incident_Type
2026-08-01 00:00:00,SRV001,43.86711859003845,58.183854474695664,41.68915439676391,23.2747865635459,390.4905344097712,2046.3932785283357,4.127997996109945,1,0,0,None
2026-08-01 00:05:00,SRV004,68.86536635781151,85.31400164778503,51.00924182225968,34.19212976879311,455.9487394713176,2204.088549425978,4.048729014185017,0,0,0,None
2026-08-01 00:10:00,SRV004,55.51917811277883,64.67525676082545,59.07511147906221,30.261330595466298,307.03786042596687,3374.188857891715,2.8358248108672655,0,0,0,None
2026-08-01 00:15:00,SRV003,50.75806376278645,75.28053565399183,52.8627583981644,27.62760747745992,452.2676436536969,2188.511176066018,3.737962762895708,1,0,0,None
2026-08-01 00:20:00,SRV003,53.40727104066136,64.46697131008845,38.037896821021775,31.275237997876335,286.9267563139234,1439.9820905262713,3.093640063751433,0,0,0,None
2026-08-01 00:25:00,SRV005,58.34683027609249,64.6925616773947,66.86877545650647,23.494095342031883,412.9465783154834,2963.574478818427,3.777881658213784,0,0,0,None
2026-08-01 00:30:00,SRV001,64.2522129953467,59.15970666777992,22.134262756679995,26.13415536369152,303.14285001431415,3175.226401128052,2.4108321938661565,0,0,0,None
2026-08-01 00:35:00,SRV004,40.00431656995928,66.19123929366278,49.64361813965878,31.332751189207137,308.1916017673285,3246.647059224935,2.875500638974854,0,0,0,None
2026-08-01 00:40:00,SRV002,39.376185510680926,68.17998694414048,47.55761854535301,21.398819457315106,584.572261361821,2967.2566019121978,4.513420165304113,0,0,0,None
2026-08-01 00:45:00,SRV001,71.57018823103795,57.1574149108482,56.77814653445698,28.681373324876414,425.9225894284554,3040.6838547556517,4.0214319056039365,1,0,0,None
2026-08-01 00:50:00,SRV003,48.81494691692904,63.74955584140116,61.73994169363283,28.59652847953546,440.74064854011675,2523.820333324094,3.5877104915122,0,0,0,None
2026-08-01 00:55:00,SRV005,33.74736861104689,58.89901133942886,68.52117769913242,32.90767745046649,218.86201389186772,1565.6669694287516,3.254754006388266,0,0,0,None
2026-08-01 01:00:00,SRV004,61.65719064074657,87.99664069614839,46.451141519774076,22.25113374083329,360.2998241478952,2512.546468675006,3.149447649447744,0,0,0,None
2026-08-01 01:05:00,SRV004,61.9505470904903,64.10269230088382,62.038988048001784,31.8288931710949,466.1212118704347,2779.7077475887377,3.920093453053115,0,0,0,None
2026-08-01 01:10:00,SRV004,32.0392711411494,80.4523215169656,57.349820654577535,25.321587770553293,439.4136265947505,2439.128474545187,3.593820614244592,0,0,0,None
2026-08-01 01:15:00,SRV004,58.442225731954096,63.043776691923114,34.46152749780132,25.658971620264435,204.59701786462946,2418.6237465671734,4.727988309990366,0,0,0,None
2026-08-01 01:20:00,SRV003,66.0337463864256,67.59287641534908,77.80648306520932,23.33398683912062,440.71379166570813,2066.146882441755,3.6891417679937897,1,0,0,None
2026-08-01 01:25:00,SRV001,60.61579677559395,51.786359283547306,37.734698473117604,23.736443887599226,456.65588035496893,2049.2175655275882,3.83523229534672,0,0,0,None
2026-08-01 01:30:00,SRV005,64.47972225642093,60.529274081321354,60.03396726771658,28.210567042361767,548.37619981987,3327.1668316447312,2.9668979191667773,1,0,0,None
2026-08-01 01:35:00,SRV003,33.935963528638766,67.10534670789247,59.67951933037297,23.663004255655935,354.4768881061657,3343.4558664460637,3.583580464893716,2,0,0,None
2026-08-01 01:40:00,SRV003,59.965602324942935,80.86003830959866,58.30764138794893,29.220853000958748,195.79312798643292,2498.8087909392534,3.9061948430407916,0,0,0,None
2026-08-01 01:45:00,SRV002,50.4607036079433,67.21982777676271,49.06507741406071,25.01110185909074,320.32292481948446,2626.6856222918173,3.5763285732720878,0,0,0,None
2026-08-01 01:50:00,SRV001,47.75814761913033,78.83720361193,64.92703181368603,23.360898582454055,310.2934961131443,2058.6138743333413,3.5086228798554604,1,0,0,None
2026-08-01 01:55:00,SRV005,68.0583341412959,71.4072911020292,36.27559031268285,25.416572560920315,493.67088777799745,2789.158682472754,3.9961457753691936,1,0,0,None
2026-08-01 02:00:00,SRV004,77.18911766011345,81.27401339464686,54.210054535912924,28.01012157526892,148.3263411604682,3291.84212722639,4.708893968936593,1,0,0,None
2026-08-01 02:05:00,SRV004,81.91555081900538,64.40957782694944,48.233503881370495,26.167940214206943,375.1643539927378,1811.8461490248878,3.8869816221846962,1,0,0,None
2026-08-01 02:10:00,SRV003,74.72211807258857,88.90222710651804,46.87242469519562,27.102630354998396,562.5795473577255,2708.7474848660772,4.486511770083882,0,0,0,None
2026-08-01 02:15:00,SRV005,53.35398727554725,60.14603797085877,60.144973449442546,29.088622385508252,420.7212462833635,2742.560009190268,4.172961426511269,1,0,0,None
2026-08-01 02:20:00,SRV003,60.290802445395144,57.33538165802331,67.9297425126362,30.247264354850845,509.63168161764236,2737.422931700166,4.45061202480071,0,0,0,None
2026-08-01 02:25:00,SRV003,66.50234307676365,52.89947150310966,50.88093085795761,26.069714074231708,255.82016664489123,3239.267950531811,3.434168045992017,2,0,0,None
2026-08-01 02:30:00,SRV003,56.81766923949193,88.3102467155807,64.36817307910933,23.867333953271526,259.80104867936774,3416.2081954770188,3.6758435030093586,0,0,0,None
2026-08-01 02:35:00,SRV002,56.96146281867316,73.19447572617898,55.59688798533518,27.228283436767548,563.7242457845234,2394.932344957302,3.678335857541201,0,0,0,None
2026-08-01 02:40:00,SRV001,67.35629697814272,61.658792666196916,44.287213489143895,28.411948758312214,430.1215365757253,2802.928152470361,4.127766341938385,0,0,0,None
2026-08-01 02:45:00,SRV003,54.11076030961102,77.49022696873494,51.90457488110724,22.617824082084148,430.3274362209144,2537.905167576727,4.275447693327118,0,0,0,None
2026-08-01 02:50:00,SRV005,44.06069595439508,71.87692185117783,51.40616931050062,24.328175108977245,308.18471718930033,2215.548118177137,3.8750337146671345,0,0,0,None
2026-08-01 02:55:00,SRV001,48.782904012462126,84.6612747137559,46.64008104993464,24.84243931211118,430.07817289502316,2621.8663705964564,4.326023946425519,0,0,0,None
2026-08-01 03:00:00,SRV005,64.50865566600613,49.52167167260089,60.141795143870006,26.37653343383887,305.40624316599036,2802.1747878251117,3.462001113811176,0,0,0,None
2026-08-01 03:05:00,SRV005,55.044899367999335,62.34639891685745,57.81575425245711,24.71689828911964,538.687044890565,2597.6179084376436,4.331226531739475,1,0,0,None
2026-08-01 03:10:00,SRV002,60.10314965302507,60.374786160571745,35.91220362076699,29.1211221752907,692.7830709868172,2103.468455731247,4.409485665311521,0,0,0,None
2026-08-01 03:15:00,SRV004,65.05118863303285,45.26317323591398,35.18168805712771,22.18460039562475,468.3941053665329,2291.397712064945,4.206497807554798,2,0,0,None
2026-08-01 03:20:00,SRV001,49.37737805653585,75.60327204779693,60.09621343846905,22.260843908416724,356.50536145384564,2294.841660921404,3.8805018700887275,1,0,0,None
2026-08-01 03:25:00,SRV004,66.34372245444709,62.29603444196641,45.216562854465586,25.998333565465614,166.63416695053417,2120.900220281183,4.22799399944298,0,0,0,None
2026-08-01 03:30:00,SRV004,60.68263905187592,72.39631204986563,58.62449386120389,26.47304158758043,251.55358854576588,2641.092811722551,3.2635973208569062,0,0,0,None
2026-08-01 03:35:00,SRV002,36.477803696327825,88.59771934329612,64.37117893731026,22.636068381425687,575.4861831027135,2688.150443331885,3.919017358616125,0,0,0,None
2026-08-01 03:40:00,SRV001,76.63457186779367,61.46756308172392,39.74856595113329,25.179753472057307,317.0808156728927,2940.7829203992383,3.980306286095073,1,0,0,None
2026-08-01 03:45:00,SRV005,47.48882884364626,60.78847017342845,38.06155294508578,25.796868547742733,382.91651183134877,2114.069943327716,3.0022906021091087,1,0,0,None
2026-08-01 03:50:00,SRV003,30.173569852222244,66.18664169723996,75.09318018874355,25.820106158933562,485.53259745791786,2240.134591197043,4.084750551763713,0,0,0,None
2026-08-01 03:55:00,SRV005,39.324344356205465,74.8724735298341,59.21884939554951,27.455644449867876,568.2289799361793,3199.5562533690572,3.050708764590911,0,0,0,None
2026-08-01 04:00:00,SRV004,39.68432258982517,59.3328697468985,49.96911211992075,25.015263346729313,400.0413078836162,2425.976861167186,3.5432490212543413,0,0,0,None
2026-08-01 04:05:00,SRV004,55.782599779863006,58.69038402867869,43.79271456824483,31.43350890002482,379.53331303339655,2513.558963163235,3.8238565755657787,2,0,0,None
2026-08-01 04:10:00,SRV004,50.89224241680644,75.57189270241366,48.874709813112645,28.464613919200715,427.16210285106837,2421.203325371958,3.361558169220316,1,0,0,None
2026-08-01 04:15:00,SRV001,49.94752048539111,68.78639323838036,40.713131966640276,24.578659438076034,357.23621833607825,3009.86386842474,3.8495324231721906,0,0,0,None
2026-08-01 04:20:00,SRV002,64.29552948223719,44.55271736995179,65.60094608908709,27.28353448010272,362.6180796707045,3027.313906321763,3.839934194261732,0,0,0,None
2026-08-01 04:25:00,SRV003,60.09813041789056,52.74608200530892,45.67898615672415,27.372045955816816,461.18801175338734,3000.9436452649816,3.307891016384695,1,0,0,None
2026-08-01 04:30:00,SRV003,59.740718059664296,80.0123586382721,68.12241505859521,30.644164423493343,438.52915178344864,2511.9554251108966,4.140784675294598,0,0,0,None
2026-08-01 04:35:00,SRV001,61.14742685993039,69.01928283078813,50.192452962759866,25.198852713250947,633.1605306558583,2107.4038101299493,3.3415060980162608,0,0,0,None
2026-08-01 04:40:00,SRV003,64.24202002003358,57.37804068962751,42.47979779659222,29.30201609316172,463.88488166354296,3366.3458849916647,5.1727846248408165,0,0,0,None
2026-08-01 04:45:00,SRV001,23.380699873338354,63.29590342765018,49.88438094383439,27.125563427347434,535.1145548093828,2885.339039629983,3.734312706001637,0,0,0,None
2026-08-01 04:50:00,SRV004,49.533426216033085,65.1323667280167,23.509998669983,31.474699549346298,312.87148232768686,2294.5034583734246,3.0972235130059804,0,0,0,None
2026-08-01 04:55:00,SRV004,22.29684903265789,72.35733360280163,53.55077707991192,30.872674357918225,472.5157290030271,3140.718481124985,3.2093949402717366,0,0,0,None
2026-08-01 05:00:00,SRV005,55.54089890196693,51.4173660514121,52.9585697064381,27.5909379137778,347.7018653398941,2258.975988133407,4.48854827881898,0,0,0,None
2026-08-01 05:05:00,SRV004,54.93050541663482,56.59050861329542,64.89691295857561,26.21315213695182,459.5453263296558,3134.8165314348953,3.5545090101689274,1,0,0,None
2026-08-01 05:10:00,SRV002,70.68298412184521,67.72955754863389,32.36434086419945,28.519817729038365,488.8514598114841,3165.228065223021,2.981741715302019,0,0,0,None
2026-08-01 05:15:00,SRV005,72.8145158908168,64.0016541950455,68.94239633036257,26.4586499186185,424.9868844001474,2085.332752743525,4.31222764827666,1,0,0,None
2026-08-01 05:20:00,SRV003,58.04162572378551,70.7185918263671,64.84719153997187,32.040921317935,660.7325721474792,2761.7912363594323,3.5506556673331504,0,0,0,None
2026-08-01 05:25:00,SRV002,47.4945838390465,52.704926026404024,70.02452276438396,27.235410234531034,562.7979769108453,2851.985816782598,4.19205170667161,2,0,0,None
2026-08-01 05:30:00,SRV005,62.277416688186065,68.57128676271321,54.36734348795035,25.78307210246149,537.7245332829096,3676.709139813849,4.361339615393676,0,0,0,None
2026-08-01 05:35:00,SRV002,47.081235440135295,75.91583619377472,67.16676200923307,25.621154741778223,496.4286192370014,2165.964497064764,3.9646781232851267,0,0,0,None
2026-08-01 05:40:00,SRV001,54.97911022834977,69.86818547149284,37.34507158111714,23.36089324440388,596.3360817730045,3144.644474647223,5.2375444374111995,0,0,0,None
2026-08-01 05:45:00,SRV003,69.79204475441152,66.39111739761591,63.5565707824544,28.669677384279968,276.30307025307843,2507.805708115099,2.7651545042400656,1,0,0,None
2026-08-01 05:50:00,SRV004,46.633429810158646,64.0411639743403,45.74604685480065,24.539966392081492,557.0283117990576,1941.386117388744,3.3092299548369146,0,0,0,None
2026-08-01 05:55:00,SRV001,67.08517958863752,56.65148847228498,35.18317801092476,30.29444475656324,320.87556880004774,2446.005773574571,3.6464299972376253,1,0,0,None
2026-08-01 06:00:00,SRV003,65.16102053038453,64.28001407560211,41.51031378202767,23.12119483799528,363.56608809332704,2501.109142494868,5.156704117164873,0,0,0,None
2026-08-01 06:05:00,SRV001,40.678122743037676,77.59705852880406,55.066373663551246,27.38172434691975,476.13924440616677,2023.49941309812,4.878801482061327,1,0,0,None
2026-08-01 06:10:00,SRV004,69.60841192326102,63.80971493399875,45.10840950138876,30.45067127549236,543.3220165510724,2640.4781284831884,4.573214520436349,0,0,0,None
2026-08-01 06:15:00,SRV003,65.47849518057258,56.1019601065159,59.5128823803496,20.543258806129092,304.6423368318038,2931.014164974362,3.323525635552454,0,0,0,None
2026-08-01 06:20:00,SRV002,56.52888831058986,60.077529112346134,33.30114933995179,33.05479663137656,368.74551223222693,2607.1902943279056,3.393491156137742,1,0,0,None
2026-08-01 06:25:00,SRV002,43.56514812958522,67.0085029727593,29.47482947660966,25.72414440840567,429.753207250131,2256.1701597790557,3.3028639789157275,0,0,0,None
2026-08-01 06:30:00,SRV003,42.11190972136645,61.26486002819153,71.46864920972291,27.42328614648642,401.3633995304286,2433.187569216865,3.329943867175542,0,0,0,None
2026-08-01 06:35:00,SRV004,46.93506134645466,69.8530328306314,65.84560155281721,28.714347676549032,505.40320612351877,2497.955489442947,4.695622764365584,1,0,0,None
2026-08-01 06:40:00,SRV005,63.1389169493794,70.2284376074903,42.40843796903431,29.17838716834666,763.592761598452,2597.794732366472,3.6537397259624935,0,0,0,None
2026-08-01 06:45:00,SRV003,40.66562248897903,73.88983180404648,54.96400427835353,27.821651814779045,461.93207085258797,2999.423843008014,3.7331011012136344,2,0,0,None
2026-08-01 06:50:00,SRV001,61.56268372929805,79.23559472265033,67.23408472241589,29.992153751119105,346.4803561837684,2622.3728890237403,4.2646320721540585,0,0,0,None
2026-08-01 06:55:00,SRV005,36.37366706682411,74.95858724372361,60.030407299487266,28.557212138765436,290.34916693610046,1868.7865171166304,2.801883215579615,0,0,0,None
2026-08-01 07:00:00,SRV004,51.93897123341726,55.6576093585204,56.77867715420174,32.28264342009691,387.47460864143943,2246.955517605089,3.8315874927614835,1,0,0,None
2026-08-01 07:05:00,SRV004,56.64471631861013,55.96465553423728,68.14184897575116,28.566982628563792,325.97501139712097,2574.7094729034866,3.1418769627962475,1,0,0,None
2026-08-01 07:10:00,SRV001,91.67695217588374,64.24228523540175,46.231450297585354,32.89390655964926,466.7549791975423,3005.8560182293513,3.623351047665009,1,0,0,None
2026-08-01 07:15:00,SRV002,34.34026516719449,60.48824642760586,55.37414138397554,29.703236520712966,465.20216357842264,3084.0308986914483,3.4481475836244724,1,0,0,None
2026-08-01 07:20:00,SRV004,77.080218497352,53.616732730390574,54.7858163404913,21.58274962269521,373.6831795475043,3298.6084037143546,3.4172115523812456,0,0,0,None
2026-08-01 07:25:00,SRV005,57.2476362098092,60.58308205827006,51.72685542794749,34.833308035163526,618.4955013783783,2558.7764789106873,3.9353490840238186,0,0,0,None
2026-08-01 07:30:00,SRV003,61.167578770239444,60.25487066380961,50.32233386295098,25.276967674568343,346.45526807601055,2843.489128976122,3.9327280414355066,0,0,0,None
2026-08-01 07:35:00,SRV005,56.77521870082307,58.281522602387945,55.87441885394189,31.486632045605205,408.0568932101826,1845.4923095186637,3.668107646459609,0,0,0,None
2026-08-01 07:40:00,SRV005,61.670902272928494,61.842105138449945,55.41288995182633,27.080380329358317,483.9162665889817,2693.4467079226674,4.022410605794693,0,0,0,None
2026-08-01 07:45:00,SRV002,52.69472343456973,76.7845085031833,42.41886828958569,30.183270772807738,509.2054893769829,2016.1311543426123,3.27883127548787,1,0,0,None
2026-08-01 07:50:00,SRV005,76.81075272186187,66.9923804124924,64.62155091880537,24.934563267402616,547.7576521543199,2471.8573619103627,4.208951521423656,0,0,0,None
2026-08-01 07:55:00,SRV002,48.15293283662916,89.7180907605547,43.2833775068049,28.877233629268765,462.8496478993239,3863.427274992464,3.6762805867054364,0,0,0,None
2026-08-01 08:00:00,SRV002,71.98351858268872,66.70508186019649,52.381198665433914,26.240428363816783,525.0912700787997,2636.5994062856935,3.5098018627172616,1,0,0,None
2026-08-01 08:05:00,SRV004,45.33449319680466,62.09934226062748,51.45663432735938,31.737009334769667,353.48918279720607,2111.284051368852,3.323144712978211,0,0,0,None
2026-08-01 08:10:00,SRV004,54.096222303980696,65.04132882654866,59.29724335191059,28.31600450225103,511.80819603503824,2683.5050526810574,3.6551615237199906,0,0,0,None
2026-08-01 08:15:00,SRV001,38.92056171564671,67.5649197844354,29.570752717392004,29.8078279239047,510.47291501563996,2267.3161660347905,4.922383554107554,0,0,0,None
2026-08-01 08:20:00,SRV005,61.8253558052128,69.35253957171064,65.6909177791535,20.50776938558079,571.2886674753536,2067.665149079102,3.762011737938446,0,0,0,None
2026-08-01 08:25:00,SRV001,76.676889353898,85.76711325859023,46.87611582865403,26.743281960634125,253.15640077714573,3446.4127900257254,3.1133578783139364,0,0,0,None
2026-08-01 08:30:00,SRV005,53.839657302687186,56.546795350224315,69.63955953732466,28.23165490517489,329.2816884398933,2980.0654118200387,4.351291440071027,0,0,0,None
2026-08-01 08:35:00,SRV001,52.04671451944136,73.59046058177735,49.262020905806146,27.67084471931912,502.3140969367302,2655.491481248085,3.516842938524947,1,0,0,None
2026-08-01 08:40:00,SRV004,38.2807455539811,67.07750597614124,54.413876971191875,29.88347164115355,154.8635520118603,2323.6795193886064,3.9702554026114822,0,0,0,None
2026-08-01 08:45:00,SRV004,51.56061019671538,49.289022574293824,77.96543248082108,25.902287264587635,469.20061737883503,2360.1447326625103,3.436603669744053,0,0,0,None
2026-08-01 08:50:00,SRV004,31.108086104177087,72.70698782094763,51.67194149447598,27.146361315103892,525.9804424931367,3194.116840079868,4.568463989685902,1,0,0,None
2026-08-01 08:55:00,SRV004,41.30683019921759,77.67623560803905,69.8661986160815,30.543680293244975,362.362475244956,2637.9598919490554,3.4455441460124216,0,0,0,None
2026-08-01 09:00:00,SRV003,58.40179069163703,56.4282359622257,55.46854102677472,20.16393298966393,376.9809999888088,1112.737685673034,4.6387147871465215,1,0,0,None
2026-08-01 09:05:00,SRV004,74.78519796612095,64.9106613210803,59.98502596352188,28.768051504915025,312.5862652760096,3589.4223320464766,3.170443649282728,0,0,0,None
2026-08-01 09:10:00,SRV002,97.13816291844255,47.746457379922965,55.839503072936495,25.998345522019342,367.8452880268597,2582.378060637528,3.624256168570712,1,0,0,None
2026-08-01 09:15:00,SRV004,46.201223723936494,52.41193540315663,65.1742195156015,24.263045626339135,370.7431498038242,2654.5160525806677,4.639997471544069,0,0,0,None
2026-08-01 09:20:00,SRV003,76.5295023496816,75.48029577617253,46.77362064576339,28.00963267282794,351.71587255344787,2989.0126660456585,3.900904534868803,0,0,0,None
2026-08-01 09:25:00,SRV003,58.65628720602472,60.335834939925654,43.191417723769774,30.682353890425965,346.2321822215503,2709.431272290214,5.162879565083379,0,0,0,None
2026-08-01 09:30:00,SRV003,52.73128529880436,53.9119702506196,47.33708571547574,30.117431494452543,392.89952151116063,2836.108877972564,3.6385157304571893,0,0,0,None
2026-08-01 09:35:00,SRV003,61.488916775892285,67.2946036445843,56.196524515889095,26.594660907280115,391.68956843438787,2309.324439685784,3.954225711776404,1,0,0,None
2026-08-01 09:40:00,SRV001,55.92874725519939,59.77587568568977,52.350174573396046,29.627222891282845,607.4131899861056,1946.592104215126,4.94308956322929,1,0,0,None
2026-08-01 09:45:00,SRV001,56.65593588418328,60.29178342224464,63.52329851765412,29.60420369533753,380.581485688299,2626.1047516629383,2.891646069954639,2,0,0,None
2026-08-01 09:50:00,SRV002,48.87500255759996,72.39326025674903,70.65678039785824,26.7378861885205,454.41502161918584,3144.2265935235655,2.8173499800910773,0,0,0,None
2026-08-01 09:55:00,SRV001,34.02835510301724,53.38266641065653,43.289939953179896,24.920758344035377,362.3117033523699,2208.488848727597,3.322695093674355,0,0,0,None
2026-08-01 10:00:00,SRV003,31.845621962168778,55.94634787318168,46.19261450063281,25.09429790663301,361.04042241585427,2172.3892023311005,4.288023613683995,0,0,0,None
2026-08-01 10:05:00,SRV004,64.79867324921841,66.54079992148868,37.76512698024575,29.51356004660441,249.56294622673775,3049.4586671709717,2.8340892900008363,0,0,0,None
2026-08-01 10:10:00,SRV004,50.8494986487143,74.69409790748205,79.36447588910924,26.873559558861928,262.86337521889067,2294.239657686509,4.158229433937212,1,0,0,None
2026-08-01 10:15:00,SRV003,46.058666505157504,77.3816030148985,58.656033989461925,23.861453340808236,299.30017203470004,2315.248038774519,4.116024016693336,0,0,0,None
2026-08-01 10:20:00,SRV005,55.127584400847304,58.34938279638377,60.75762784061893,21.945411493472626,438.3696834760071,2332.085077174191,5.008634139921174,0,0,0,None
2026-08-01 10:25:00,SRV003,66.92398379373441,74.37376966919648,38.91749937962742,29.49549435628914,527.6173655284585,2470.7585585542843,4.427290955307424,0,0,0,None
2026-08-01 10:30:00,SRV001,57.70545914539597,57.15857706529591,54.9859601319175,25.359664733207328,241.3335473104482,1791.8628568440827,4.018430142498666,0,0,0,None
2026-08-01 10:35:00,SRV004,45.15917595038549,83.26209346906799,61.11097581295702,27.991163266967945,365.09231986511827,2257.296949356268,4.615479761091776,0,0,0,None
2026-08-01 10:40:00,SRV003,73.39439433473424,53.66228974580272,51.9669077135869,30.71912072120737,283.3109290649652,2603.665608612875,4.12334236466892,1,0,0,None
2026-08-01 10:45:00,SRV004,78.68778254472448,78.28478810791731,67.90846749791673,23.073226569439544,393.572290586645,2600.457071278673,3.5239579672236787,0,0,0,None
2026-08-01 10:50:00,SRV003,62.418349829842796,58.43513893181276,82.74197350771396,26.864587858461466,527.576949370715,3021.0968736608143,3.113236533770683,0,0,0,None
2026-08-01 10:55:00,SRV003,69.60495267016135,85.132464547946,43.635246074872576,26.48791756134339,375.31175983920247,3327.726499987662,3.4583806377841513,0,0,0,None
2026-08-01 11:00:00,SRV001,73.62939995220717,70.91320728852484,42.734953048279635,28.13922862688388,415.2483027800303,3180.6175509989816,3.7759556752717294,0,0,0,None
2026-08-01 11:05:00,SRV003,71.95148974606771,54.83983470591778,44.46692721365708,30.717479995261304,565.5228396392314,2911.5935728332706,3.905011043209762,1,0,0,None
2026-08-01 11:10:00,SRV004,64.21148765668936,59.77761520457493,74.27438992019789,23.011644556012776,465.7900930507909,2433.069434154757,2.5188826411479446,1,0,0,None
2026-08-01 11:15:00,SRV002,63.97520570612324,72.81181205223741,67.50826380435622,28.7093938461173,343.9908144183198,2219.618918519404,3.668263799045603,0,0,0,None
2026-08-01 11:20:00,SRV004,62.79490860019754,75.52644417615562,53.37366618647622,30.094571324981104,435.8915285835725,2508.045294628781,3.817149061729667,2,0,0,None
2026-08-01 11:25:00,SRV001,38.539934881794345,64.29284408275538,55.43871597281049,26.44086880812965,337.2450988597709,2763.510446397804,4.128522466927904,2,0,0,None
2026-08-01 11:30:00,SRV002,65.51084735289379,65.44658280963466,45.20147648563935,26.58765902132063,462.0482012736,2869.8720092105505,4.77608052950381,0,0,0,None
2026-08-01 11:35:00,SRV003,34.66279043310169,72.58353032644065,65.6803258929182,28.255348106954767,471.53401540727594,2780.3885800821326,3.911392121267162,0,0,0,None
2026-08-01 11:40:00,SRV005,43.081008173124175,66.3179842701082,50.44117811069736,28.034451233669365,283.2840299501547,2445.4710378807763,3.254262274251369,0,0,0,None
2026-08-01 11:45:00,SRV002,74.55347601712131,52.064951406616245,51.879081526540006,28.747057822101368,437.51494173857736,2854.0880079290177,2.7091523698391167,1,0,0,None
2026-08-01 11:50:00,SRV002,67.60330244041296,56.87025975359819,62.30547725835108,28.68384157920365,408.24267420040803,3067.392627287576,4.212206574867428,0,0,0,None
2026-08-01 11:55:00,SRV003,77.31097434528795,67.35119943151665,52.74406074300135,24.054083083153046,474.4677397172112,2896.072172830394,3.278547584313552,0,0,0,None
2026-08-01 12:00:00,SRV005,50.92488424469062,77.15482416497693,52.18040807802584,29.970799493114832,503.13470510191337,2485.5941251764702,4.320102186296808,0,0,0,None
2026-08-01 12:05:00,SRV005,37.716267380848485,81.15982424162047,55.1269024663489,30.500349486570716,467.7449604124605,2124.768088372297,4.638452091297541,1,0,0,None
2026-08-01 12:10:00,SRV001,51.39344204394486,72.7952942077145,64.54426496551692,27.558248681070893,389.68066466202475,2114.0946567753517,2.8735551404124955,0,0,0,None
2026-08-01 12:15:00,SRV002,56.530469458608614,67.87290761036364,74.757916905806,22.517534080351,513.3330020864,2193.4520693835184,4.132335535255377,0,0,0,None
2026-08-01 12:20:00,SRV005,56.18483074510014,72.48813885982477,62.025834786952984,26.655762881999728,332.6937223689748,2615.6838394037186,4.575573446203606,1,0,0,None
2026-08-01 12:25:00,SRV001,72.00520718135053,58.33249149793144,64.63977068349121,27.583217630821704,287.9478006630501,2733.911689100035,4.411423595168169,1,0,0,None
2026-08-01 12:30:00,SRV005,49.58094362494832,63.46769039741786,52.60175125478651,23.56619928663955,100.47133154391997,1863.4604569251865,2.542172337853726,0,0,0,None
2026-08-01 12:35:00,SRV002,60.28051707704386,56.75869278660524,46.5064256419754,25.91958580926896,412.9859048262845,2273.2022012364023,3.287808773123777,0,0,0,None
2026-08-01 12:40:00,SRV005,40.17059275848091,52.51257389292289,62.84783478682138,22.771891837324375,337.8453560506565,2609.4784593874274,3.0318916965497458,1,0,0,None
2026-08-01 12:45:00,SRV002,61.754759170657195,68.33549011636205,57.054889895206855,28.82187667495933,459.77544760753506,2095.144040456079,4.1140836530882305,1,0,0,None
2026-08-01 12:50:00,SRV003,55.04662825278455,66.85513306584744,37.92845621500301,27.497865944706152,222.87726059556323,2695.256868876822,4.0479959740912985,0,0,0,None
2026-08-01 12:55:00,SRV004,43.75279992573224,71.87652484509013,51.063164518892826,22.062650505557265,355.28214491004996,2361.6572690875455,2.181264873235625,1,0,0,None
2026-08-01 13:00:00,SRV001,51.462559567377205,70.46111830892447,54.00523571822136,28.054394584745943,467.0269905864485,2174.4608777488347,3.619501027203295,1,0,0,None
2026-08-01 13:05:00,SRV003,52.23736380227167,67.42644271323861,48.874505595658256,26.830473157829125,317.01638536510194,2523.942444602004,4.280431898204664,1,0,0,None
2026-08-01 13:10:00,SRV003,50.947673059943554,70.56616665677555,72.78082713450553,28.549242848263216,460.9256748612862,2676.526148310595,3.888785594734473,1,0,0,None
2026-08-01 13:15:00,SRV004,81.57011863401524,64.57316903772524,60.7580684428266,25.82540269873372,364.29774049319593,2118.1619885785326,3.8877601516999167,0,0,0,None
2026-08-01 13:20:00,SRV005,53.523309965381806,69.12891395222401,71.47809901466377,24.595561797770927,416.71916902200024,2390.8244290836788,3.5810037879687733,0,0,0,None
2026-08-01 13:25:00,SRV004,51.341558347339934,57.73855597313641,58.16110313982591,24.68746612062658,479.5158006416856,2710.4552697881986,3.164635435355193,0,0,0,None
2026-08-01 13:30:00,SRV003,23.538235635847876,68.6970592563913,55.976654037100936,25.385489350354785,515.2797023115313,2157.059417507455,3.7897665056657095,0,0,0,None
2026-08-01 13:35:00,SRV003,41.58688972030784,71.68417685286009,43.76082618867701,27.05647528974314,429.2492411320607,1754.009421809244,3.8312560707410745,1,0,0,None
2026-08-01 13:40:00,SRV003,51.05389863315471,58.30318571927797,55.1431543983588,27.443875396274375,338.5989705121255,1808.5417694396106,4.169152712199773,1,0,0,None
2026-08-01 13:45:00,SRV005,44.71220985735036,65.51832098992847,55.15664710810528,26.42784036657569,374.196113762035,2311.8771111743636,4.217899954577277,0,0,0,None
2026-08-01 13:50:00,SRV002,75.72561390066696,58.763974903706405,38.5946333915892,25.730041353010442,483.6955363086958,1906.7117756626876,3.8515168514979448,1,0,0,None
2026-08-01 13:55:00,SRV001,52.52593336905672,59.73493303483885,48.525670362755264,25.945790195983555,317.87464165173935,2343.5251471706893,4.456945018750899,0,0,0,None
2026-08-01 14:00:00,SRV002,74.32666373977378,53.750706448978455,51.12060881780365,34.5231743565208,402.1933403359794,3249.2242830277055,3.5750451991185375,0,0,0,None
2026-08-01 14:05:00,SRV001,55.92556951075552,77.65774925166555,59.961754528668656,24.687824545505375,381.4115901638525,1879.6307255400934,2.93358525807216,0,0,0,None
2026-08-01 14:10:00,SRV001,55.558417546323646,75.65685174720048,60.53620134382847,25.326083974361424,409.66382166810354,2372.827816835035,4.086232201650923,0,0,0,None
2026-08-01 14:15:00,SRV001,53.668053284312485,70.37433854227336,48.02417821641754,36.88156232510445,319.07174707506226,3459.537049422123,3.8758277326335526,1,0,0,None
2026-08-01 14:20:00,SRV004,55.05694377432189,84.72195951943814,60.62643523050262,28.263039907381657,234.80556477878883,2683.6585373390694,4.098158909407918,1,0,0,None
2026-08-01 14:25:00,SRV004,80.7819250457479,63.10754303431608,52.815052847817796,22.860058002288913,472.07426159596434,2334.52452063598,3.0413291910302434,0,0,0,None
2026-08-01 14:30:00,SRV004,20.20583909873173,95.31762415110634,20.56455970174052,29.52806161193179,516.4131423488649,2429.4028144663425,4.874477653166627,0,0,0,None
2026-08-01 14:35:00,SRV003,24.97681383341982,62.7247058463678,49.18357561658149,24.269883332396557,240.78250425018436,2693.2131287769753,4.226301448198185,0,0,0,None
2026-08-01 14:40:00,SRV004,46.85243753415829,67.55193351756016,67.94786368170854,29.727184523415293,456.8926160926216,3263.097368782348,3.627201865400524,1,0,0,None
2026-08-01 14:45:00,SRV001,55.217918229063535,61.02222086059792,34.818330920467844,26.367113161887957,528.3182914845177,2261.115876635241,3.238728112421213,0,0,0,None
2026-08-01 14:50:00,SRV005,65.35156637146018,68.72325560060305,56.35229440498648,25.68061245153178,479.5911046762323,2159.075372700273,4.446292046259349,0,0,0,None
2026-08-01 14:55:00,SRV003,62.09630797041213,73.35614927886245,74.02313457022345,31.827494906482748,378.33298213239334,1879.5360702488977,3.138938130761686,0,0,0,None
2026-08-01 15:00:00,SRV005,49.23631130679145,63.86083606946916,45.87264456387423,28.699204057977735,325.6503630249242,2546.393214629412,5.156818894875242,0,0,0,None
2026-08-01 15:05:00,SRV001,70.28565539862643,82.76719847117621,55.02578896513223,29.918968312347623,428.0978079349989,1867.440683581939,3.4320770360604014,0,0,0,None
2026-08-01 15:10:00,SRV003,70.45293104729096,67.39149284633461,39.35180491326494,28.30475903855984,444.77850588468806,2291.297818830192,4.832303128763367,0,0,0,None
2026-08-01 15:15:00,SRV004,57.76086746907348,67.704853861102,74.52677369996286,25.666666428620704,429.58075111558986,2091.0924515003417,3.68931572895637,0,0,0,None
2026-08-01 15:20:00,SRV003,69.43986358730263,55.910023054862826,54.00000847604063,28.834063260774624,401.9865369882434,2983.3555796053474,4.748448025292184,1,0,0,None
2026-08-01 15:25:00,SRV003,59.08967895148193,69.18499074550384,55.55952211352822,30.627646178053382,311.7348275877243,2271.2216256849374,3.3590788959040903,0,0,0,None
2026-08-01 15:30:00,SRV001,46.577754598256746,63.65972779190634,71.25160558606747,27.40421413055266,462.2688291308852,2678.6186476025273,3.8113018271280197,0,0,0,None
2026-08-01 15:35:00,SRV002,65.46725258500007,58.91760270662713,62.93774073574578,32.40492781303952,467.08544944135235,1778.1585992401467,4.28284959810234,1,0,0,None
2026-08-01 15:40:00,SRV002,56.65919683868017,57.23525591851636,44.492455210039125,29.551461609605724,440.08221254616717,2559.1781295037804,4.197246282017494,0,0,0,None
2026-08-01 15:45:00,SRV002,55.020097701317304,91.71763379756685,47.23266491095221,27.635947649314836,431.09936450712576,1958.577862362663,4.46045710019473,0,0,0,None
2026-08-01 15:50:00,SRV004,77.09430358284362,62.36522749820965,60.93917565427958,27.754459593053454,587.9249487746106,2308.4581750315633,3.507516731119061,0,0,0,None
2026-08-01 15:55:00,SRV004,18.2369180718987,50.43014579218732,47.510547339244724,27.411711386902873,357.5621215426604,3495.0411584153007,3.8508850237098864,0,0,0,None
2026-08-01 16:00:00,SRV004,33.734737447606456,58.01778540267428,29.593080254553676,23.246283643215026,548.1435097456656,2919.4784697583978,4.549033145598843,0,0,0,None
2026-08-01 16:05:00,SRV002,37.193943604384444,64.48432160523787,54.361110416331066,26.729783412574186,346.59755307781626,2442.2143377259117,3.3768466989686288,0,0,0,None
2026-08-01 16:10:00,SRV005,49.55109028646792,70.46667032616485,37.23744806650229,27.663559456023503,530.8950572956428,3939.5238594024386,4.1435246366710405,0,0,0,None
2026-08-01 16:15:00,SRV001,51.180877453509545,70.54796521725314,74.39538104276471,25.751744636200414,543.3367550080544,2088.171389332007,3.66850385613335,0,0,0,None
2026-08-01 16:20:00,SRV002,32.390115283404285,71.76614551776525,57.121451653157834,28.013031056114084,390.69487965981176,3024.3473719339127,3.9235244639495632,0,0,0,None
2026-08-01 16:25:00,SRV001,40.2226295153376,58.551396933626705,44.13789931907709,27.063922471065332,586.0963054060834,1810.2964944187984,3.8507301298486687,0,0,0,None
2026-08-01 16:30:00,SRV002,42.087374822146444,68.40440443501545,46.61641102405056,29.321075673296306,466.9035886746089,2390.2347590584236,3.327030109529021,0,0,0,None
2026-08-01 16:35:00,SRV005,91.86136138113838,56.23940535889422,32.32722894551296,28.989337143197194,332.27275588594324,1893.4946124187477,3.6435840847265313,2,0,0,None
2026-08-01 16:40:00,SRV002,82.0261292162072,58.80357016985988,41.806457358633956,27.501459862754523,382.5843405610791,2615.7741617908937,3.8869593512460234,0,0,0,None
2026-08-01 16:45:00,SRV005,48.82375873473026,55.8229102549974,67.19587843048839,22.898361326094005,533.2762306106652,2525.1866141104406,3.7383656007727226,0,0,0,None
2026-08-01 16:50:00,SRV003,49.54625064539802,53.11611145401731,81.7814337459087,32.37216821604351,512.306470187665,2361.550840367388,4.7436415698765435,1,0,0,None
2026-08-01 16:55:00,SRV004,37.76194004217559,75.64209488858009,63.716758158387506,26.57432700428657,314.19595986207094,2991.425661306838,4.405973334089817,0,0,0,None
2026-08-01 17:00:00,SRV003,26.378043801620997,71.88611700978888,53.89548953654765,26.757340638914606,406.07426878095026,2244.8054621487445,3.973988299096098,1,0,0,None
2026-08-01 17:05:00,SRV002,53.24679720387214,74.7666536997813,49.816487492153,25.972437453901836,440.3522982776512,2647.0832865132957,3.3421122903682985,0,0,0,None
2026-08-01 17:10:00,SRV004,40.032220251339616,65.39313066024296,43.522050237083654,25.534765031803392,369.23954109243914,2869.2497231221023,3.305586144861228,0,0,0,None
2026-08-01 17:15:00,SRV005,53.727242025069856,72.76807698865147,79.71719079207688,31.63217414400157,655.7799723374719,1832.5504559967176,4.984286621168247,0,0,0,None
2026-08-01 17:20:00,SRV002,30.996912264347838,47.38710595357455,52.7350155776275,31.158132961158238,443.36637434053256,2163.2135462465276,3.194068738356683,1,0,0,None
2026-08-01 17:25:00,SRV004,43.57038312534613,73.63087518045356,80.38755796075006,28.333180210733012,413.8187809096951,2524.237435292125,3.868315770890314,0,0,0,None
2026-08-01 17:30:00,SRV002,57.229406429542465,66.7711983000503,71.72223411532073,26.677499536707824,539.085104425809,2783.5690387427435,4.016569228609208,0,0,0,None
2026-08-01 17:35:00,SRV004,60.493143966759064,71.27109600149166,34.11044282384472,28.85735395504126,383.4786465161165,3139.55699466469,3.613205809110016,0,0,0,None
2026-08-01 17:40:00,SRV004,61.26207938113022,68.80023299048614,47.0085712508885,27.22139094530812,520.7427610617323,2402.854090572436,3.1986777412535843,1,0,0,None
2026-08-01 17:45:00,SRV003,35.19266523764444,55.12944845463113,46.97145850991413,26.429331245030703,253.22676044170151,2357.588030807552,3.3290620165961076,1,0,0,None
2026-08-01 17:50:00,SRV004,67.82028595203343,50.01960224608953,54.04184363073113,28.014317764518992,374.6345953754434,2107.3317864038513,3.472096998617583,0,0,0,None
2026-08-01 17:55:00,SRV002,42.99682455097225,57.879458338170366,54.27622896263496,25.676526759163664,524.9070418377247,2648.492841479665,3.374304278541332,0,0,0,None
2026-08-01 18:00:00,SRV001,64.4928687191096,70.64917281272912,90.95486914477772,27.756792792010298,577.0197720589671,2366.2970918358587,4.596632235908558,0,0,0,None
2026-08-01 18:05:00,SRV001,54.8404198507271,71.90091415175395,42.073265506302896,27.612662776864905,342.6704286994007,2376.6854817284266,3.7945244039164225,0,0,0,None
2026-08-01 18:10:00,SRV003,34.35418751383078,51.32057722618137,57.74763922797268,28.808808063773775,331.01783637813514,2457.7501723501714,3.4857193393114327,0,0,0,None
2026-08-01 18:15:00,SRV005,50.25703443128218,55.189006325317855,62.39809290961364,25.142589127573174,476.7446430370459,2748.2326279406525,3.864174826320323,0,0,0,None
2026-08-01 18:20:00,SRV001,60.48045613095651,57.76764314059161,54.98113594636965,29.130409058629624,357.69661050822873,2246.3212510693324,4.200773543176949,0,0,0,None
2026-08-01 18:25:00,SRV003,64.19448070711898,61.426949397331846,56.322166933376295,24.281065521148484,393.1422082244606,2152.5288599909927,3.593228176365452,1,0,0,None
2026-08-01 18:30:00,SRV004,52.88518153833372,51.379491691473476,42.462293268320956,25.282300045136285,507.64050247371574,2694.2758837603465,4.341188777105549,0,0,0,None
2026-08-01 18:35:00,SRV002,77.9766833590158,50.779482338598676,56.27783433523218,25.413224822562768,365.5897818385988,1138.4237941528368,3.0373119353860645,1,0,0,None
2026-08-01 18:40:00,SRV004,70.11266156479839,56.781647035924465,61.13678795409246,23.783844682878964,223.45742484643142,2228.3448218522417,4.502782179269849,0,0,0,None
2026-08-01 18:45:00,SRV002,51.15018825400371,65.86253836225006,58.93120701125354,30.046986850156987,289.8915564394119,1981.9107252666863,3.7946285961366675,0,0,0,None
2026-08-01 18:50:00,SRV005,66.25182718205417,53.194056602465096,61.8424108469451,24.09284257143061,420.9955585720281,3041.466200357555,3.7711925889489626,1,0,0,None
2026-08-01 18:55:00,SRV003,84.0069022778228,63.84196490028234,71.95129480763478,24.903250987779984,233.65768515271157,2301.5802568556965,3.384191405321088,0,0,0,None
2026-08-01 19:00:00,SRV003,84.4072690117454,75.58552816141815,66.2435985029721,30.766223131459927,390.28395827026793,2247.6777481297463,3.063289921691952,0,0,0,None
2026-08-01 19:05:00,SRV001,36.58000178766254,51.9822026258649,55.855535361969245,25.28825189443905,280.7903483756008,2478.1198816360265,2.799996838510765,0,0,0,None
2026-08-01 19:10:00,SRV003,41.10200333264274,62.9355424158946,40.938899777400664,26.43557194458571,583.9939006865599,2232.082407190789,3.342333998630128,0,0,0,None
2026-08-01 19:15:00,SRV005,77.27378180100777,75.24756733750772,47.79993670346657,23.963912997250393,636.5142594765673,2318.8083288309094,4.152603932361411,1,0,0,None
2026-08-01 19:20:00,SRV001,39.12578423743544,60.81731609636191,52.36442617699102,29.498853622868054,314.1802897657932,2543.6996846904235,3.2232329466172027,2,0,0,None
2026-08-01 19:25:00,SRV004,35.16188300062481,59.26330309141581,58.02814997609737,29.540208732573195,445.6758680037918,2310.0818044721796,2.8709310885654142,1,0,0,None
2026-08-01 19:30:00,SRV003,47.707088039514296,76.63495814306474,49.26000686200726,29.216837712370342,323.95962680031477,2306.852146477583,3.254560813497328,0,0,0,None
2026-08-01 19:35:00,SRV004,61.30340064211879,61.937979210284524,43.77120160978778,28.612589484581832,389.06843979454885,2045.4290468299112,3.5691000094974106,1,0,0,None
2026-08-01 19:40:00,SRV004,53.46404940083355,76.04495025205568,40.74161573055596,27.22076733305843,600.3469327955805,1980.797316765761,3.592699266402588,1,0,0,None
2026-08-01 19:45:00,SRV003,45.241545693916116,69.28965391127198,35.18586689133363,25.426869999186046,373.3311452273515,2527.286603915626,3.722664255054341,0,0,0,None
2026-08-01 19:50:00,SRV002,44.88681307413236,61.571553470901634,52.180591554705174,24.555092080001938,391.39625377628863,2637.97022940362,4.4195638076311266,1,0,0,None
2026-08-01 19:55:00,SRV004,44.31494403380937,69.7969053059753,37.36401469515634,30.86971658028501,325.7470732772303,1857.3295102972227,4.549552662854893,0,0,0,None
2026-08-01 20:00:00,SRV001,41.80735557011586,68.20449513846037,42.99369179011129,29.29441281517977,534.6189377664863,2841.9736369213815,5.003277503233593,0,0,0,None
2026-08-01 20:05:00,SRV003,89.22449315914093,75.20882821002473,50.27317752586837,24.92008731839873,93.67332974759734,2843.8214379211363,2.8250556099808586,0,0,0,None
2026-08-01 20:10:00,SRV001,59.462666067783324,59.516544621349816,38.9689922873028,27.119495304669403,375.7202678468379,2938.6101122253804,3.286469647798199,0,0,0,None
2026-08-01 20:15:00,SRV004,68.30138581607108,65.41206066781619,59.55702626198436,26.09965472104496,415.4113905864541,2634.9500881332688,4.219091094235853,1,0,0,None
2026-08-01 20:20:00,SRV004,47.663837978216144,64.38484320395362,63.88267676326825,23.61536788288275,353.89226701490855,2786.686945130048,3.5275812706849847,1,0,0,None
2026-08-01 20:25:00,SRV001,52.210649842209264,72.04148141639784,48.406875762695215,27.532954129863906,506.3545507731167,3483.261630060245,4.316471881909539,0,0,0,None
2026-08-01 20:30:00,SRV004,44.296690279444675,54.748208055558244,49.755672308679976,25.753522007282413,540.2027283970474,2364.315279605218,3.924268058068896,0,0,0,None
2026-08-01 20:35:00,SRV003,15.22437497621197,75.16977048237857,61.44915724166893,24.142390001112943,278.7960487120485,2029.4388245996995,4.747522526022079,0,0,0,None
2026-08-01 20:40:00,SRV004,34.329860847282006,69.66328772170417,46.43205883318385,22.562602337574713,629.3486653770805,1809.6730525503422,4.425629668359612,1,0,0,None
2026-08-01 20:45:00,SRV001,27.840719800294078,51.83074926367054,45.60719306083246,22.308589499382986,277.67411756464844,3290.0532686045426,4.436609975935388,0,0,0,None
2026-08-01 20:50:00,SRV001,21.253243330725887,77.082628254805,69.35798173823548,25.885721616916083,548.8630681675842,3295.9542664143955,3.552877034783782,1,0,0,None
2026-08-01 20:55:00,SRV003,37.06961538552846,87.34093080797732,65.61025286455344,26.744715088725254,434.98276985356944,2083.930116129596,3.7415234924190366,0,0,0,None
2026-08-01 21:00:00,SRV001,74.87433519072447,75.01833969549408,62.218600028127035,24.37409756951305,369.6298902886185,2172.7056342946494,3.616847925459586,1,0,0,None
2026-08-01 21:05:00,SRV002,54.33345748443468,79.26984767226469,66.10773545672912,28.952218282971682,379.0633070324164,2354.2040331109724,2.896464713810056,0,0,0,None
2026-08-01 21:10:00,SRV004,74.35845643481761,65.85371381602589,31.272655295591644,26.803360374651113,416.6487209339686,3050.9155924656925,4.683061553297319,0,0,0,None
2026-08-01 21:15:00,SRV001,61.164738653513126,48.384950802614895,71.24602656151728,28.73065593179595,440.84178618637816,1920.7140106838606,4.247232385305927,2,0,0,None
2026-08-01 21:20:00,SRV004,66.73838238572739,46.55879548832475,59.704745399004906,26.451267629436877,327.9845648628475,1615.021213800006,3.592983725551437,1,0,0,None
2026-08-01 21:25:00,SRV001,41.486545070431376,67.55082043867759,67.12937660806882,24.638647094378683,396.60600423216096,3475.3815144529726,4.582755504475983,0,0,0,None
2026-08-01 21:30:00,SRV001,62.85926431289006,59.0802119227002,59.64594134939635,27.342352713415842,342.93271770724056,2640.5679791140337,3.4217794119517064,0,0,0,None
2026-08-01 21:35:00,SRV003,65.93071351111519,55.85423721672649,55.58709789616187,23.21197646394503,298.49504729261275,2704.4859876633523,2.6971193189268345,2,0,0,None
2026-08-01 21:40:00,SRV004,46.350290616494604,64.37253316031325,51.696289451655346,28.618315561909945,338.2688297542103,2407.702297660003,4.404421851736169,1,0,0,None
2026-08-01 21:45:00,SRV001,63.3931055592425,71.15585287861288,59.405732522634466,24.1885523804606,305.0025367304561,2709.6032156731108,3.0328638601304014,0,0,0,None
2026-08-01 21:50:00,SRV002,63.49281637862249,50.472424532378525,51.259025093145375,29.754697579600347,377.9845087249481,1818.6073524965564,3.68253472062561,0,0,0,None
2026-08-01 21:55:00,SRV005,46.75671068304876,60.51122379719615,65.41451320078134,25.984632761274256,463.24749054684156,2121.5857449128966,3.923673824470256,1,0,0,None
2026-08-01 22:00:00,SRV005,38.15847351593507,80.09870683120315,35.9625202653736,30.18760054892975,432.0710354177962,2547.321048035172,4.031279206843257,0,0,0,None
2026-08-01 22:05:00,SRV003,37.238075021525916,54.247116197786255,48.501089658468665,23.632130434235055,617.434477666065,1478.0990981948912,4.309040633722278,1,0,0,None
2026-08-01 22:10:00,SRV003,56.29758312882193,73.69761187164957,79.53787898171976,24.96669089781354,198.95469862800832,2363.867073783597,4.148510855760507,0,0,0,None
2026-08-01 22:15:00,SRV002,59.90514803183972,60.15269238451006,47.48703443713129,28.14280484054571,466.93409662141886,2336.1260333495165,4.129935515937216,1,0,0,None
2026-08-01 22:20:00,SRV004,43.11211254313128,70.45793759849953,52.13579532323826,30.511491280280264,420.6420238524352,2363.7893956223375,3.325548930766105,0,0,0,None
2026-08-01 22:25:00,SRV003,55.39878011989148,75.97327507202867,44.40902879979909,31.999826724944768,501.5670342371967,2252.0131864805585,3.976546134360594,0,0,0,None
2026-08-01 22:30:00,SRV002,63.558055542077284,72.41281766985021,59.030148074629885,27.12409849104262,491.64652043104087,2051.848633356476,2.896670017969936,1,0,0,None
2026-08-01 22:35:00,SRV001,64.27286071997952,74.09159602213876,46.16482131829366,32.51323689236027,403.5008249864823,1680.085667378086,4.7372826190716975,1,0,0,None
2026-08-01 22:40:00,SRV001,78.27820180183733,53.48406466592044,52.7726687823154,26.13100635052371,437.2651284856756,2565.1361712253356,2.9584611057090657,0,0,0,None
2026-08-01 22:45:00,SRV005,74.15471248297065,76.13659706741299,65.18639843242084,30.29630286708892,345.59307870815155,2364.9442059416906,3.592136096746193,1,0,0,None
2026-08-01 22:50:00,SRV003,39.98062850865184,56.4730688536518,46.61483897422221,24.173457009122085,481.36799793544543,1881.123304044095,3.0086754565839295,1,0,0,None
2026-08-01 22:55:00,SRV003,80.25379314307034,67.59541765571538,64.46333343118265,28.260601520589763,232.1123947877299,2528.140035775197,3.3619002284806085,0,0,0,None
2026-08-01 23:00:00,SRV003,47.03535243166428,67.58246186997226,64.86675178672428,19.974920877430662,497.6826438649317,2367.272412217282,3.8080570492592303,0,0,0,None
2026-08-01 23:05:00,SRV004,70.67309218681642,69.85122558869581,67.65947313663153,23.63522696504063,417.682655576389,2292.5392217520484,3.482745140890399,2,0,0,None
2026-08-01 23:10:00,SRV001,56.01979939076633,68.3695667606019,56.686491939016484,28.400030394242293,371.2937962168911,1529.3973009366473,4.486547754887373,0,0,0,None
2026-08-01 23:15:00,SRV001,48.81775932314549,56.56190021475277,93.89510892372144,23.06268344339843,396.7466800553274,2807.2453805385517,3.9361406095776776,0,0,0,None
2026-08-01 23:20:00,SRV002,27.884547103376008,51.50132587704284,67.65440435850499,28.280848832367553,404.0803765411619,1945.1270319508915,3.5222541624628443,1,0,0,None
2026-08-01 23:25:00,SRV003,52.426532346754776,73.72348679961769,58.898531492881915,29.71937436243709,549.7303760480502,2528.4716146785586,3.719850842015572,1,0,0,None
2026-08-01 23:30:00,SRV004,31.609251470415867,66.85834577518915,44.48890703101918,25.496039421845165,743.3493663248512,2136.2792004552884,4.531820274233561,1,0,0,None
2026-08-01 23:35:00,SRV003,69.50948853764159,76.49376840957818,53.83529048951031,24.093141132977408,541.9870824150382,2325.0730671034066,4.345322529970679,0,0,0,None
2026-08-01 23:40:00,SRV003,77.75188985708871,64.55267065812131,72.1159237228004,25.577440152435784,363.46742141102436,3018.53162128746,3.116737463590753,0,0,0,None
2026-08-01 23:45:00,SRV005,43.046335160549646,50.9483563932304,75.51441538751523,24.102563042447443,482.97818242852793,2739.228190361518,3.391608971516237,0,0,0,None
2026-08-01 23:50:00,SRV001,59.52956113778907,74.66129681004107,72.73994920528276,26.696359325952248,487.3329166057484,3008.5179758302615,4.084873891210623,1,0,0,None
2026-08-01 23:55:00,SRV003,44.11912716988037,61.29629390338893,64.42230768075544,27.306271874664244,327.483927755278,2648.673472579708,4.012019951616224,0,0,0,None
2026-08-02 00:00:00,SRV003,45.57272904794816,68.4200345742102,39.932077524453135,26.081969630709573,293.9200702779318,2678.2646129533514,3.1697710751607424,0,0,0,None
2026-08-02 00:05:00,SRV003,66.61742055798057,58.52540571520481,60.84594181390804,32.023077720560465,413.67190710832114,1698.48744989822,4.249475953583974,0,0,0,None
2026-08-02 00:10:00,SRV005,54.42192607234881,81.44301710233691,40.10317146336403,24.841788540939074,500.77076027014346,2357.113752760051,3.2654755158881623,1,0,0,None
2026-08-02 00:15:00,SRV002,81.09472062896518,56.23435175816803,37.1503456794309,31.174299537765936,258.81917323985715,2398.7909806681264,4.582296064313804,0,0,0,None
2026-08-02 00:20:00,SRV005,47.76651281945618,61.62570245893826,57.86990421492686,23.87628229106366,347.91021323455936,3050.6491691583888,4.117669493749773,0,0,0,None
2026-08-02 00:25:00,SRV002,69.99004498711734,66.07448702697316,61.278393367237,27.218332709824647,477.26517089904064,2272.196802441882,3.120845329612567,1,0,0,None
2026-08-02 00:30:00,SRV003,56.46120119436673,54.07817672913042,65.84052518176966,30.54931622564421,424.172361327058,2619.186779075255,3.4825539791219526,0,0,0,None
2026-08-02 00:35:00,SRV003,66.9366701461635,68.30519528587595,60.965634884633126,30.394071456759953,561.6273620598995,2601.5908043881386,3.4721236312828254,0,0,0,None
2026-08-02 00:40:00,SRV005,48.2926351400508,81.1191047746749,61.37903182891298,25.739226306899294,278.86325459236565,3020.9538221263274,3.8959260327813983,0,0,0,None
2026-08-02 00:45:00,SRV003,54.25661743672626,60.095378393062894,43.184168980091485,28.665209160214037,655.2164933449455,2439.81516296224,3.6776138611925058,0,0,0,None
2026-08-02 00:50:00,SRV002,53.26751681051598,68.95142819031726,53.740279783784004,28.263537250992677,266.20075564304204,2872.504126911916,3.11270665197093,0,0,0,None
2026-08-02 00:55:00,SRV001,42.45914327731319,37.50564613961444,36.91459857238615,25.38018246422178,217.08362811717396,1732.8106896381141,2.963444512266454,1,0,0,None
2026-08-02 01:00:00,SRV002,64.93122301872629,64.6107079951516,30.959570447197652,28.847849811444224,414.1087220502693,1773.6912551752262,4.129414000638716,0,0,0,None
2026-08-02 01:05:00,SRV005,64.75373508367547,61.869577140737945,63.887712518116885,32.58747651615712,306.55410717539905,1472.495044918963,3.9717421187384976,1,0,0,None
2026-08-02 01:10:00,SRV001,63.9033204235835,56.81502397589615,45.962507274508496,28.415101995187893,416.1244335955121,2853.69323881,3.863322534323019,0,0,0,None
2026-08-02 01:15:00,SRV005,78.05448480876467,75.81450469628533,65.46998202571665,28.699069137212014,412.62731210453336,2803.1501220049313,3.9624391153762764,0,0,0,None
2026-08-02 01:20:00,SRV003,76.74017201854456,61.73756318376172,68.30017093456047,29.016464934602123,400.4225787892569,2903.572408254677,3.4286485114849787,0,0,0,None
2026-08-02 01:25:00,SRV001,49.37582965226297,63.22522512906413,47.56819210452163,22.61707017793458,335.75889678032206,2195.187173932213,3.910395414665086,0,0,0,None
2026-08-02 01:30:00,SRV002,60.59578477651267,61.22807125210929,62.08373313466359,28.380674019618866,463.2656152579691,2246.4035541094004,5.323103338990561,1,0,0,None
2026-08-02 01:35:00,SRV003,45.64598966112681,45.83184128234923,47.0661192566363,23.949721275484418,388.26628852328304,2445.5285608019603,4.504740272448286,2,0,0,None
2026-08-02 01:40:00,SRV002,55.35032974171833,53.68013559923039,32.84945350447811,25.2303391779066,530.3664870754764,3149.664686326445,3.6269549294240977,1,0,0,None
2026-08-02 01:45:00,SRV001,46.00375826321703,74.61093486120217,56.4797128533095,33.48582534356551,401.9627747471693,3262.222657429923,3.485976951739256,0,0,0,None
2026-08-02 01:50:00,SRV004,79.30105463704076,43.90049353120028,49.34951344341087,26.24021517102357,323.535257713341,2857.2138204286134,2.0837363615050597,1,0,0,None
2026-08-02 01:55:00,SRV004,60.45547225514444,57.33684650384294,49.71893187295442,24.779477687117318,251.22894481566146,2648.9588761615755,4.441216491790819,1,0,0,None
2026-08-02 02:00:00,SRV001,51.72956307843367,61.00279943710236,78.70411741414631,30.457747736704178,402.78905685516287,3100.9222139650565,4.271963212264888,0,0,0,None
2026-08-02 02:05:00,SRV002,72.90427857784566,82.43621867291566,36.68971620720794,24.15696899147287,293.07954286373774,2384.870894282699,3.473703218434104,0,0,0,None
2026-08-02 02:10:00,SRV002,22.440768853068825,72.68603765496368,59.59445362445765,25.65774256743097,285.00381459952223,2324.0763112829673,2.9409753902737235,0,0,0,None
2026-08-02 02:15:00,SRV004,24.788461077020653,59.428294729469,43.06231315426298,30.7471565039585,472.7457309146987,2441.940045723785,3.1068395340861645,0,0,0,None
2026-08-02 02:20:00,SRV004,66.9375798282966,78.04513697115551,65.89913691120789,27.128302695923878,242.2329938836608,2059.57853376119,4.0666387174876535,0,0,0,None
2026-08-02 02:25:00,SRV004,55.90702672176052,57.5948417949888,58.58117483410079,22.315208864620413,561.2193378332912,2421.245786032774,3.746395559802491,0,0,0,None
2026-08-02 02:30:00,SRV005,58.75669450391141,75.09099803734006,59.55213219016736,28.631968842967858,435.971638439554,1997.1663802972269,4.214955210564368,0,0,0,None
2026-08-02 02:35:00,SRV004,35.10405845022177,51.41122754076984,43.661324588772885,25.810602353860475,415.6157368975039,2961.25351850481,3.85186588302091,1,0,0,None
2026-08-02 02:40:00,SRV002,54.65149433724451,75.73257831789158,45.812945040540114,31.619554459590734,316.5234059449414,2744.659325964858,4.38005529926989,0,0,0,None
2026-08-02 02:45:00,SRV001,85.05264115602013,60.93866354529014,66.12700608815064,25.1814391570976,496.4372296342938,3143.3030788965216,4.021745084235348,1,0,0,None
2026-08-02 02:50:00,SRV004,67.36299429693794,54.714957590587304,76.24957266073075,30.153677921177778,419.7095066402605,1766.8227386886147,4.297277228096409,2,0,0,None
2026-08-02 02:55:00,SRV005,57.54559817714218,62.82856386923686,60.76369380669024,32.327094097097145,351.39033572591984,3355.763626114933,2.5461899534468375,0,0,0,None
2026-08-02 03:00:00,SRV005,48.41419134842594,67.77344179720215,44.23095135074281,24.44717032856529,439.9824696651589,1792.386063792952,3.059392657701524,1,0,0,None
2026-08-02 03:05:00,SRV002,49.08140722195909,60.05251569474288,59.06726226954482,26.420360937725423,251.721454456062,1960.7613662125573,3.5813889980674234,1,0,0,None
2026-08-02 03:10:00,SRV002,23.062031661999736,70.53953505995324,84.12966453205132,28.165875822433353,256.46728684508616,2220.6303039116096,4.447741270940145,1,0,0,None
2026-08-02 03:15:00,SRV001,58.86460631381741,59.17006116335933,56.22907372862694,24.427962742337478,307.9813914698922,3088.4743113864392,4.928317835640644,0,0,0,None
2026-08-02 03:20:00,SRV001,67.68224662722781,71.20372393931358,72.54209031272319,27.810884840123492,454.9527267609714,2601.508073752858,3.701458530567873,0,0,0,None
2026-08-02 03:25:00,SRV003,31.36571009244077,69.42222062036599,46.11604760993546,26.325239137482022,419.67416781938687,2390.2768372652927,3.433051961667092,2,0,0,None
2026-08-02 03:30:00,SRV003,45.07874661539776,64.39076945292065,54.494967380363356,26.264797285219906,524.8979265555753,2143.3176544096777,2.627018873445318,1,0,0,None
2026-08-02 03:35:00,SRV002,37.63803051649867,60.5861768763405,62.43478247350651,27.146815178124335,328.0010147831423,1880.829182202685,4.3181382584438985,0,0,0,None
2026-08-02 03:40:00,SRV002,40.51973207786855,66.51540795765266,59.76793969915437,27.213794146735694,477.4667840481342,3009.682295661855,3.4698856548833135,0,0,0,None
2026-08-02 03:45:00,SRV005,55.802224402328505,70.50253743033699,45.80333583866607,27.49164230722812,408.61294476047186,2859.3876674718877,5.575000801614893,0,0,0,None
2026-08-02 03:50:00,SRV003,23.733967675172885,85.6179915273161,45.285790514432804,25.203520963629646,325.69548052590716,3108.602669691558,3.356357647979292,0,0,0,None
2026-08-02 03:55:00,SRV005,64.21405657535595,74.39420421798181,66.8594128372319,25.33448482695074,458.5307670712919,2678.5681571415057,5.0631650581163985,0,0,0,None
2026-08-02 04:00:00,SRV005,66.30782604900523,74.75989949815842,69.29860975180173,26.64423723352551,413.39881417547673,1311.0538936500093,4.24902043015248,1,0,0,None
2026-08-02 04:05:00,SRV002,51.233461179446316,95.88512194860283,73.14572269746304,26.865727076292615,357.08808058546015,1939.9376802933466,3.18304136040718,1,0,0,None
2026-08-02 04:10:00,SRV002,17.789372350231872,70.15958476767844,76.64716579903441,25.68345198016015,424.19990871440916,2709.1920876310187,3.939286273186152,0,0,0,None
2026-08-02 04:15:00,SRV005,40.05372060996416,69.84643511311702,56.61543323587116,27.971818926258056,407.0469614062608,2333.627338643791,4.26282831593028,0,0,0,None
2026-08-02 04:20:00,SRV004,73.49352901154045,72.04015074321654,51.26560906922088,21.55571475397441,404.63119314824974,2248.5211148823428,3.66484868449005,1,0,0,None
2026-08-02 04:25:00,SRV002,13.330085789071411,54.91034022411747,71.21189126534162,24.808601223273143,378.7406850089201,2003.547955799712,4.3027896263313785,0,0,0,None
2026-08-02 04:30:00,SRV004,49.78714881709721,60.56098363581244,63.556831382219045,26.160216521391437,289.50514611063625,2926.415305336543,4.289574295609196,0,0,0,None
2026-08-02 04:35:00,SRV003,37.29998832299111,59.93830733307666,43.2105368959889,24.431654438908186,427.4765415894872,2705.2866868364385,4.157803100356478,0,0,0,None
2026-08-02 04:40:00,SRV005,67.06855452377255,71.47613977219562,42.59637201377306,31.887594044426674,339.72856262785854,2725.536050308655,3.7901159791714965,0,0,0,None
2026-08-02 04:45:00,SRV002,44.87329071784808,63.25825437778801,60.903162416275705,27.056585540174854,317.9671132355932,2214.8789880467243,3.0950359464163237,0,0,0,None
2026-08-02 04:50:00,SRV005,61.059310311034174,66.38223425474303,52.87270406219201,27.53030903467771,395.9300155897393,2579.329491504914,3.7539287747148595,0,0,0,None
2026-08-02 04:55:00,SRV005,63.4819062875364,75.87454620148465,54.68284054311163,25.550307876103616,493.40265441721783,1898.0057832115835,3.9056387982295058,1,0,0,None
2026-08-02 05:00:00,SRV001,82.54338759595029,73.63150738704138,67.87040037652234,26.95266323888112,438.5613507690981,2441.5774086192127,2.6743694773773052,0,0,0,None
2026-08-02 05:05:00,SRV001,51.955870844869445,63.38278996958753,64.10844573982043,23.3542396070918,366.8857791642411,1362.431689633101,3.901541189594806,1,0,0,None
2026-08-02 05:10:00,SRV003,60.64066554433917,58.300049031217775,70.95847898102119,26.49054889171478,362.86539421321424,1794.3477373894502,3.741919241113914,1,0,0,None
2026-08-02 05:15:00,SRV001,32.72416781308846,76.35274731653189,31.821566723519602,24.188974714212733,483.5813262188768,2354.959670086595,3.0220243575290273,0,0,0,None
2026-08-02 05:20:00,SRV002,72.85620344940617,72.73891180909865,58.04077500665441,26.167789245731512,180.32642305527597,3568.8031658237196,3.6001961655849457,1,0,0,None
2026-08-02 05:25:00,SRV003,43.59236727892953,48.937431817046175,63.33626226876648,19.320250301092507,499.7364989199481,1689.665616958811,3.6128921918994203,2,0,0,None
2026-08-02 05:30:00,SRV005,46.588687538683814,61.86846061091719,36.68096971974779,23.615990374669423,232.5984225069661,1940.3887333570617,4.958056720096051,0,0,0,None
2026-08-02 05:35:00,SRV005,54.66628307726184,66.65515462016762,47.141252304280336,31.391779213543,278.45920916770194,2597.5486585117646,3.93207100770642,0,0,0,None
2026-08-02 05:40:00,SRV001,31.556734819902257,72.78829717121032,44.914178052052975,29.491193247322627,368.57341687367744,3296.2403077065715,4.421627150788759,0,0,0,None
2026-08-02 05:45:00,SRV005,58.43155043393407,74.10101494939771,55.26037805271899,30.957118007745695,637.0124142930845,2590.9776236446332,3.7293108173056106,0,0,0,None
2026-08-02 05:50:00,SRV001,69.51199409387516,67.83906001175474,74.53424762432877,31.163163809012772,587.7419360014267,2815.9638335368704,2.6756500898989497,1,0,0,None
2026-08-02 05:55:00,SRV004,59.394007352459376,70.85247531358856,79.27107285597882,29.018962272493432,490.6487755797136,2348.078312195585,4.203405109292974,0,0,0,None
2026-08-02 06:00:00,SRV005,31.166536537319125,65.64136802378154,45.228549363120614,25.641393943862596,455.65423782954497,2270.2202849772802,3.405087962247475,0,0,0,None
2026-08-02 06:05:00,SRV005,53.142860585055104,58.26148311819439,61.31868700592289,23.888247161203132,233.77230319875252,2536.9829584304903,3.5986399220072536,2,0,0,None
2026-08-02 06:10:00,SRV002,66.13043354469235,62.38735608958746,61.70557422570778,30.440233816349092,435.6758162880699,2203.769774218253,3.1682172505307173,0,0,0,None
2026-08-02 06:15:00,SRV005,26.830168510511385,65.18991186640108,59.65150925817697,27.19370392316217,365.07784814400287,2825.9212024229855,3.8436607183528158,1,0,0,None
2026-08-02 06:20:00,SRV001,38.87850979273429,64.6532074998141,59.78775561687081,34.48206844914572,338.3330666377278,1777.1776454744872,4.439107016973471,2,0,0,None
2026-08-02 06:25:00,SRV003,68.1481540612228,46.14427095556529,58.64491002941594,25.904706071967738,435.48030899746595,2900.494164655075,4.359642865084775,0,0,0,None
2026-08-02 06:30:00,SRV003,59.0514315129593,61.025166650705685,75.25084144967704,32.91868756434144,372.88899905533015,2517.6908555362384,4.751713704671099,2,0,0,None
2026-08-02 06:35:00,SRV002,61.17957373190131,65.56205653089152,68.22959817241669,26.529624627912735,506.92995459688507,2403.3756091296113,4.836775674772467,1,0,0,None
2026-08-02 06:40:00,SRV001,82.89242211434967,62.18630008094299,42.2781532288208,31.0081457917761,226.40452323873325,1760.6569479161103,2.572475461845066,1,0,0,None
2026-08-02 06:45:00,SRV004,62.02829167759304,62.53176204488414,64.5486529705666,32.09007521169737,427.5011422345982,2059.0950976009585,3.083827663442521,0,0,0,None
2026-08-02 06:50:00,SRV002,64.86832015649769,69.87991370804588,65.70848049413743,23.931150215457862,332.09027764859565,3039.39316290993,2.715085053004068,0,0,0,None
2026-08-02 06:55:00,SRV004,95.6611829082749,54.21042812951366,58.77960744582147,25.545005765127396,379.03641710843067,2406.1304508849857,4.1791582462337535,0,0,0,None
2026-08-02 07:00:00,SRV003,51.79293162864264,48.71957786048789,68.57709244603275,23.90106232290441,450.46264194792417,2625.2793096427695,3.384150929720508,0,0,0,None
2026-08-02 07:05:00,SRV002,43.031758545722575,61.51830209163325,57.25688841158845,23.310166535225328,308.2692137389933,2104.210594008094,3.506491800893642,1,0,0,None
2026-08-02 07:10:00,SRV005,61.41694597370699,72.64114405501789,57.40561265291501,29.00120055157485,436.4232139312465,2486.925413698547,3.6700415408435267,1,0,0,None
2026-08-02 07:15:00,SRV001,61.584865440833426,81.87553039486639,56.45488653612452,26.410114889252934,398.76617947907357,1882.5315783460092,4.02954241285445,0,0,0,None
2026-08-02 07:20:00,SRV004,47.09926912080688,72.8212823909474,30.781070970403974,27.15709896957041,353.9413134823111,2544.947014429549,2.908807371196126,1,0,0,None
2026-08-02 07:25:00,SRV004,39.51404470667729,50.31736240131153,54.03521927312951,28.66871740491984,372.94275139890806,2666.788403771592,3.0446819224195476,2,0,0,None
2026-08-02 07:30:00,SRV002,89.64766633135116,62.67632760623229,46.98099310654515,21.427839498855256,404.5448108813074,2644.276627233258,3.8007777239186638,1,0,0,None
2026-08-02 07:35:00,SRV002,59.90265205582034,67.5663438108153,40.76262426168931,30.860298011871166,343.2163487436788,2093.386826279427,4.51924756169268,0,0,0,None
2026-08-02 07:40:00,SRV001,44.01571927896887,66.77591116923593,72.20821941687427,25.952717509980246,420.7094475325611,2346.077057154774,3.784761558049349,0,0,0,None
2026-08-02 07:45:00,SRV005,68.73895453419398,70.39304552942875,61.050490222413494,28.59720391871357,392.1823378333924,2741.7373656917343,3.3250041761707805,1,0,0,None
2026-08-02 07:50:00,SRV005,53.362822726579985,55.829510535392394,54.642027028665424,28.86213851768564,358.87174629330394,2404.8530821248555,2.511074791797418,0,0,0,None
2026-08-02 07:55:00,SRV002,51.20677830523253,65.64943087550742,48.22235978677088,31.11238968229152,578.9842233902983,2370.7125779469507,4.371605351036167,1,0,0,None
2026-08-02 08:00:00,SRV001,63.434093078717396,69.20322829776129,58.55403501554488,26.6854278366509,461.5239922561621,3356.5604238815004,3.358441010365712,1,0,0,None
2026-08-02 08:05:00,SRV001,35.62176597652465,73.2567095330366,66.89723311981015,20.629087622871207,381.72877673770455,2072.054896510244,3.111537850548967,0,0,0,None
2026-08-02 08:10:00,SRV001,60.28940805875759,56.94281833387208,45.07640987743671,27.171382840360682,434.5860430824709,2986.1883106400423,2.770804864124731,0,0,0,None
2026-08-02 08:15:00,SRV005,83.69432211597629,61.54843132757102,54.94205953268068,27.602120574484804,317.3179863226492,1980.3937014227813,2.9365395133148207,0,0,0,None
2026-08-02 08:20:00,SRV005,61.99266493295966,37.9618231992666,65.41679798621406,23.897217422579647,376.32283932214165,2794.6514885971364,3.223271467727688,1,0,0,None
2026-08-02 08:25:00,SRV001,49.35681844324803,58.78538032422226,31.767986450990442,27.442471963298814,387.99225495617526,2818.668651155788,3.656690758283509,1,0,0,None
2026-08-02 08:30:00,SRV004,47.39342079357637,59.755851070289566,54.30916285113515,25.916944695821126,295.3206090090117,2270.3356802243293,3.0747549771436056,0,0,0,None
2026-08-02 08:35:00,SRV001,48.84490039982336,54.804154918325565,49.84850355342954,22.97173815215247,458.73540479944177,1952.1354162120522,3.9114248225285824,0,0,0,None
2026-08-02 08:40:00,SRV002,51.19055982928329,66.65612150232651,53.39404170693959,29.01445468502785,369.4387297387174,1613.305058288462,3.6521313560491384,0,0,0,None
2026-08-02 08:45:00,SRV003,49.33290200862592,64.44054567954731,48.980457323537166,25.30882454730661,384.4533332552596,2223.198920983599,5.133195373510716,0,0,0,None
2026-08-02 08:50:00,SRV004,68.7446716161185,42.407861224223886,56.65149526248755,25.78086235578879,363.1280140876645,2736.7983915785458,2.7773341301644026,0,0,0,None
2026-08-02 08:55:00,SRV005,29.001863451865255,67.15507969301757,78.08352664507262,25.612263458138745,715.90905906431,2015.0673293051896,3.896887658187429,2,0,0,None
2026-08-02 09:00:00,SRV001,67.93000075618201,55.71675869210973,51.11293031285739,30.70643579239244,353.7384849825987,2543.6268614156775,3.904402993424574,0,0,0,None
2026-08-02 09:05:00,SRV001,49.304702122861585,69.85688959190514,58.50053210912928,26.877251514679823,213.13230461141723,1835.6065909401195,3.181665557646111,0,0,0,None
2026-08-02 09:10:00,SRV002,60.654216785430584,52.18148752271335,78.93695702090935,27.237299461637466,260.00680290411646,2394.750313553216,3.857151438468476,0,0,0,None
2026-08-02 09:15:00,SRV002,38.09518134698705,65.3000653853094,48.399813059529336,25.67809153684081,495.9302622695435,1983.8302431105712,4.2617566198440295,0,0,0,None
2026-08-02 09:20:00,SRV005,74.92946600274155,62.168366711134944,76.77610418714764,28.388600466764714,553.645269168313,2464.9087741475078,3.857894889534699,0,0,0,None
2026-08-02 09:25:00,SRV004,73.68452440257809,68.0310188495033,55.063876079525286,31.047954145352016,351.82028086271464,2274.5142386766106,4.630677730891902,1,0,0,None
2026-08-02 09:30:00,SRV002,69.39385788625111,66.24697277651347,76.38275471037912,28.94358245245952,547.8949669635464,1964.33523869308,2.4933874291427967,0,0,0,None
2026-08-02 09:35:00,SRV005,32.27867836309691,62.44835824978546,64.00241349935582,29.060600884004568,494.1589999842544,2203.5069349499768,3.2946599523183675,0,0,0,None
2026-08-02 09:40:00,SRV003,67.4368160659908,49.63727685955755,58.68530035098906,28.818690617653036,401.0519869013911,2079.629411991103,4.685033628338567,1,0,0,None
2026-08-02 09:45:00,SRV003,61.07282631453563,50.227920365389686,54.212431817360965,22.85927207006651,393.9553716229465,1908.7338848931643,4.34721579995831,1,0,0,None
2026-08-02 09:50:00,SRV003,30.920931293011485,59.16113060907781,47.511502721449475,24.371643504902586,438.08702264156534,2987.2356213802377,4.124307026759773,0,0,0,None
2026-08-02 09:55:00,SRV001,54.63553924343777,64.91720116070412,55.90949859957223,26.385037819202623,507.7455822153641,2337.9213109970838,4.539929243911676,1,0,0,None
2026-08-02 10:00:00,SRV005,60.468017335498935,58.91752052800883,65.7683375082403,24.822407872520323,459.72945655950224,1508.9985479168506,2.6500652727789378,1,0,0,None
2026-08-02 10:05:00,SRV001,63.341129107347264,71.25211930579465,54.842662828039956,23.806388925732005,352.3191698201304,2219.5236365823916,4.277366397633692,0,0,0,None
2026-08-02 10:10:00,SRV001,57.65892050423284,62.207790807883164,51.200526339257706,21.383472777388278,402.57929529736896,2911.620271218219,4.4386220974516535,0,0,0,None
2026-08-02 10:15:00,SRV002,59.3684712527107,55.349872752204895,51.99060958986672,22.960412360597577,618.1263454721924,2157.3886150341805,3.404779900294558,2,0,0,None
2026-08-02 10:20:00,SRV002,77.10417088379643,62.219037070120905,66.90971936299664,26.2304233279722,445.1213797296192,3173.984745160133,5.377542270734736,0,0,0,None
2026-08-02 10:25:00,SRV001,73.3905086486602,67.25859836316552,69.70193746119827,26.791720899543346,506.9325426882615,2114.502075267285,3.9178093784372345,0,0,0,None
2026-08-02 10:30:00,SRV001,11.994175693258846,68.24884718824585,46.99419383477955,24.620838671608272,473.9884987249232,2726.533625117405,2.4843385744948754,0,0,0,None
2026-08-02 10:35:00,SRV004,50.23842167743477,83.7837913199313,46.97694571063012,27.23677563804968,447.3357743997703,2966.4873630659554,4.028763198760252,0,0,0,None
2026-08-02 10:40:00,SRV005,52.530234586840734,58.310906599965804,59.552307036005345,25.69849907727487,430.8698900015069,2702.587287540145,3.3680839820063606,0,0,0,None
2026-08-02 10:45:00,SRV001,28.718521409095434,64.265213384096,73.33038477708706,30.271720762121546,509.73906253249794,1881.4777114115363,4.498997164357711,1,0,0,None
2026-08-02 10:50:00,SRV002,56.41274587348468,69.26123946819426,68.75188369975072,26.51512270792549,491.8642235310683,2075.889140385296,4.128766420034778,0,0,0,None
2026-08-02 10:55:00,SRV003,73.7313665861576,64.76577040799185,39.97777345384106,29.088992644205145,446.3893478011549,3026.5319456739617,3.4412467566342855,1,0,0,None
2026-08-02 11:00:00,SRV005,38.70148210614114,59.993818540113466,51.83108836009765,27.609641286884077,350.62374744521117,2137.9248446506103,4.701471150957738,1,0,0,None
2026-08-02 11:05:00,SRV004,60.04601408034809,49.507428236557566,43.83275734372585,22.793786882267835,458.5558805548472,2939.0544312559923,4.363670783587586,0,0,0,None
2026-08-02 11:10:00,SRV004,41.262647840553434,59.891654409469844,51.7898497370169,26.728025472788474,413.29920635319166,2306.3718751832753,3.303248007390739,0,0,0,None
2026-08-02 11:15:00,SRV003,44.921319644804846,54.26297587282199,74.25291995242425,23.293127702013948,389.1744088654924,2563.646793648618,3.7087729516634913,0,0,0,None
2026-08-02 11:20:00,SRV003,77.16090451255053,47.733933188762215,37.928792214603796,26.675637485349235,687.8775974966068,1876.2517253405717,4.110150074458448,1,0,0,None
2026-08-02 11:25:00,SRV001,46.86163269832262,57.04321158329414,35.57361648063772,24.764607548307932,266.09486922921724,2226.2795913793757,3.581442042336427,0,0,0,None
2026-08-02 11:30:00,SRV005,61.93318733515937,54.52908279233546,45.05735015879677,28.145889100454426,515.8512859057482,2106.112128802125,3.599360357691647,0,0,0,None
2026-08-02 11:35:00,SRV005,26.931728259085194,70.83786545292948,58.447727230911916,22.972936987601397,333.73290557461695,2601.519842751178,3.82203501695869,0,0,0,None
2026-08-02 11:40:00,SRV001,82.9347634209232,71.01091837414293,62.44905784768908,27.04410547583831,433.1195489343396,2541.938910872147,3.160520849577566,0,0,0,None
2026-08-02 11:45:00,SRV004,64.03978669459748,55.96120710419125,60.2493812183384,28.717246747689583,676.8587519090186,2708.1924533105353,2.460340796853819,1,0,0,None
2026-08-02 11:50:00,SRV001,52.262502360246074,62.39771369436879,69.1082248387722,29.722786707926986,323.7631005175937,2279.2648736082974,3.9434809173992225,0,0,0,None
2026-08-02 11:55:00,SRV004,63.63319764999842,46.41757337887465,33.84297286919285,24.70749672634733,347.6127345172736,2081.3964679174396,2.6066600304228884,0,0,0,None
2026-08-02 12:00:00,SRV005,33.85270856578285,60.05660049817306,69.26003846030724,27.053252916621524,418.24862628484,2582.2280884949387,3.2041767781131676,0,0,0,None
2026-08-02 12:05:00,SRV001,72.73796112628986,68.98981900702346,51.2548561594445,27.55244091873472,335.27830423686385,2036.6849936468345,2.7370505846308566,0,0,0,None
2026-08-02 12:10:00,SRV003,50.14022836755355,73.24937889614102,63.77793171765841,31.641378838628306,508.4056350940301,2985.290136890165,2.810933331343218,1,0,0,None
2026-08-02 12:15:00,SRV001,51.93895727427348,57.86952918308686,39.118894878841544,22.55600981774959,366.5470563936705,2448.4649260348992,4.055813104471575,0,0,0,None
2026-08-02 12:20:00,SRV003,47.625165775517736,75.5185486052752,55.05948036410884,24.266692364786852,485.4009640149337,2353.23920063277,3.6666151009639556,0,0,0,None
2026-08-02 12:25:00,SRV005,46.29022895881623,49.84308078486528,57.83524924706816,35.413387478208236,287.08108681999306,2707.979030237595,3.644959726719126,0,0,0,None
2026-08-02 12:30:00,SRV001,65.42005917442613,52.523722008562075,68.86901244998101,26.180708148132076,239.31684978457747,2465.6359752557278,3.010458929825594,1,0,0,None
2026-08-02 12:35:00,SRV002,58.83860275156334,72.09661865637877,35.97694452870682,21.32701857029018,397.10150210469504,1753.8767274241616,3.406490546696863,0,0,0,None
2026-08-02 12:40:00,SRV005,64.7762221210456,81.71121228563247,55.36903058241885,25.252349569955502,263.1492161962405,2022.3565452747548,4.025873095526112,1,0,0,None
2026-08-02 12:45:00,SRV002,54.86807965771643,69.93431988183696,41.977176506294285,18.693380335606914,571.826891276545,2975.9689167390766,3.7687476408160996,1,0,0,None
2026-08-02 12:50:00,SRV001,62.69799716615772,64.59657613465987,61.0659525304993,27.72276213736846,267.0196509505002,2537.7479565300623,4.293604436625191,0,0,0,None
2026-08-02 12:55:00,SRV003,48.71726884112442,43.048162534777916,64.3265984374735,29.429354280834655,316.2313312329302,1743.2944889364514,4.379055207275549,0,0,0,None
2026-08-02 13:00:00,SRV003,88.44597762114323,44.775529439565204,70.44604291009705,24.26501287149374,461.361988547461,2658.4504300218246,3.6486680850450735,0,0,0,None
2026-08-02 13:05:00,SRV004,31.481043753542522,66.2940953689587,48.57964654829951,25.587828233245478,361.3636049937994,2248.333531058613,2.688650428447705,0,0,0,None
2026-08-02 13:10:00,SRV002,73.91405985344477,61.41937330428826,66.12671782826548,29.770962466106738,268.16120301323963,2106.475021371048,3.3460130605602703,1,0,0,None
2026-08-02 13:15:00,SRV005,75.51861176081457,53.94164817847882,71.33081904972464,21.74935360546179,623.996416007196,1984.8072734647694,3.7413864314763847,0,0,0,None
2026-08-02 13:20:00,SRV003,42.2176179105161,65.6553258083005,35.281036361734394,23.03528636340136,319.8366196840426,2949.968262093409,3.3341077687975313,0,0,0,None
2026-08-02 13:25:00,SRV002,88.4391041583396,66.1513136750781,62.348139041181405,26.31565445485308,400.3742192503451,1615.5257325975924,3.167225473199748,0,0,0,None
2026-08-02 13:30:00,SRV005,69.93235424417978,74.44415868540273,66.50213504536127,24.742995487599543,399.08074798939697,2123.1105665022296,3.8418513705340915,0,0,0,None
2026-08-02 13:35:00,SRV005,69.56708510234367,66.36602283012701,51.89528336335075,26.118399307579235,491.0309151966578,2554.057044660059,5.258181861639969,1,0,0,None
2026-08-02 13:40:00,SRV003,55.42033280538815,77.28394368334385,40.47071706969869,23.208749041780436,466.2352460671059,3210.2633810065736,3.507087162778175,1,0,0,None
2026-08-02 13:45:00,SRV001,51.741607626719855,65.07994029548813,66.31546907331595,27.642940457764524,337.31989622689946,2749.2361883576436,3.798316488504935,0,0,0,None
2026-08-02 13:50:00,SRV003,51.85886759440588,63.84665005192664,40.60589406930692,26.552300744460034,387.4172782556693,2119.2889230102387,3.012778473661407,1,0,0,None
2026-08-02 13:55:00,SRV003,60.857958944792756,75.64312186247182,52.85978278586917,28.6475714826991,397.3077566458184,3188.2090543480667,4.546040633024908,0,0,0,None
2026-08-02 14:00:00,SRV001,76.01779412550844,55.21559119958565,54.518511306360054,27.601198501440876,494.8959498198562,1890.1944701327625,4.324845826010853,0,0,0,None
2026-08-02 14:05:00,SRV004,57.71971326792129,93.14447453266162,63.58645662044799,27.62007021748807,303.1678085141399,2619.4012744098195,4.28344048367955,1,0,0,None
2026-08-02 14:10:00,SRV005,41.32834565294064,68.75257478166736,47.48042128584961,22.661077936409658,621.8110556755782,2719.503090588497,4.615877486782847,0,0,0,None
2026-08-02 14:15:00,SRV001,67.3664059357747,68.80829252837673,46.78499573406574,28.477774654934617,344.0816612540556,2103.4979875598015,3.5435951871831155,0,0,0,None
2026-08-02 14:20:00,SRV004,68.81726119592189,70.25095973972597,56.18698574515733,26.007400794586673,419.12506032434067,2813.916873349714,3.6185493080926268,0,0,0,None
2026-08-02 14:25:00,SRV001,64.81989292671679,83.77136475331642,67.076685731437,26.500205077051145,304.00105603067584,2268.749441976568,4.82592711913199,1,0,0,None
2026-08-02 14:30:00,SRV004,66.18248359787474,72.92507411672607,82.44940000783777,30.144793129172427,290.18409883593836,2812.814092383084,4.179636861766735,0,0,0,None
2026-08-02 14:35:00,SRV003,50.936078047632876,48.94944020996076,36.910225602654705,24.841693330449313,332.5571590922376,1672.182028336206,2.468466907193503,0,0,0,None
2026-08-02 14:40:00,SRV001,41.065162493041306,79.03470384767505,58.78410421343894,31.053552985377003,322.9476782335745,2650.7392406029935,4.072892585382205,0,0,0,None
2026-08-02 14:45:00,SRV005,41.977098540388305,61.591034205549825,41.9615796851885,31.33342589811928,378.57429758451696,2314.551997287878,3.450981163538242,1,0,0,None
2026-08-02 14:50:00,SRV001,30.46805127313213,66.07155072839323,67.22573491848091,29.258353312093117,322.1034971236259,3017.3667023355197,4.338903094793994,1,0,0,None
2026-08-02 14:55:00,SRV003,58.55422917318925,52.20746027824734,43.737465432289206,24.058137567697734,489.555242129421,2480.208671603072,4.044914281652104,0,0,0,None
2026-08-02 15:00:00,SRV001,53.7482682516011,70.26202018123895,46.904221381812114,20.441120263119203,341.70161046816247,3062.153290174054,2.7556743415863205,0,0,0,None
2026-08-02 15:05:00,SRV005,48.40018443205437,58.486257099324476,47.92874969123204,30.23650474277982,330.6184506548085,2728.4257442648736,3.9612981022972864,0,0,0,None
2026-08-02 15:10:00,SRV004,10.665717634823949,66.00169637993474,54.08561273536235,27.33415518399324,380.70311358827314,2442.621193428329,3.9263766363509642,0,0,0,None
2026-08-02 15:15:00,SRV005,36.29023795458747,62.15900994639217,58.87837116230449,24.76440758753561,519.2838878696294,2854.4511893264325,4.018077491878872,0,0,0,None
2026-08-02 15:20:00,SRV003,71.8126097710475,84.25012801735852,60.80441672330216,30.520687031266807,441.4876173610399,2857.3263090372047,4.145317311147985,2,0,0,None
2026-08-02 15:25:00,SRV003,45.030609999053034,84.82260300145589,54.9307894458066,24.41532335736657,410.031047011253,2712.359502021046,4.697579575893038,0,0,0,None
2026-08-02 15:30:00,SRV004,60.408875164852624,65.46513170214742,39.04130773071302,25.72753422530717,276.6955230031321,1468.4643814186675,4.048333393768579,1,0,0,None
2026-08-02 15:35:00,SRV004,34.13971855037116,65.63977711368855,63.73343380372227,28.574671092950982,305.72915401362906,2057.847779156021,3.8137390762846786,0,0,0,None
2026-08-02 15:40:00,SRV005,76.58058223538846,61.26557033650485,54.36449603604366,23.65919150515537,292.15900599603765,3122.8476309276657,4.488780532512934,1,0,0,None
2026-08-02 15:45:00,SRV001,52.83958509917986,76.06006291502786,68.94081748017638,26.6715572711788,550.6851223672347,1934.8243650541303,5.14564443415386,0,0,0,None
2026-08-02 15:50:00,SRV004,59.35060594725303,61.710801296666226,46.50713464624076,30.267411551740086,473.05631231316477,2897.1075175296132,4.3490424525008535,0,0,0,None
2026-08-02 15:55:00,SRV001,89.88669687822528,60.78662725354301,35.77270327178807,27.633332230863388,333.8379491075806,2817.903695550851,3.9237236760848537,0,0,0,None
2026-08-02 16:00:00,SRV002,77.74660150884105,74.78592863664964,54.5916879678031,30.74227901047104,363.5628356174345,2173.4114372880867,4.059518329861351,1,0,0,None
2026-08-02 16:05:00,SRV005,50.40151568069413,59.6170090468335,70.55143225941117,30.400807074017994,337.4709823762666,1602.145767797474,3.9536262556389548,1,0,0,None
2026-08-02 16:10:00,SRV002,46.10169722694461,64.6224496555147,56.93130563939261,27.02321500326486,331.41387836192916,2243.989330923433,3.8111110491639963,2,0,0,None
2026-08-02 16:15:00,SRV004,50.116824827207026,49.18689218489007,52.60396240992572,19.989775870927836,466.030103121618,3435.106769634855,5.099102498903828,4,0,0,None
2026-08-02 16:20:00,SRV003,62.64847372714804,72.04190345123168,44.5558357881108,23.68268311435408,391.2463779215687,2111.5252185057907,3.3505679754101405,0,0,0,None
2026-08-02 16:25:00,SRV002,53.42163798623693,84.40866939181869,76.09319760016987,29.290002337153467,628.1167744297463,2142.5841949303285,4.492943496945619,2,0,0,None
2026-08-02 16:30:00,SRV002,49.071337824947925,72.21225372799792,42.644768861382644,22.349245739144138,545.0359824516999,2051.087915360578,3.7244858343796556,0,0,0,None
2026-08-02 16:35:00,SRV003,77.00771876063564,79.61799167547305,46.295268908461125,26.01992223423915,550.9480340466722,3046.6530144472836,2.9117484979167654,0,0,0,None
2026-08-02 16:40:00,SRV004,53.286851623332446,56.538978638226695,61.840410353008274,28.015441841067098,487.13569749481263,2390.687929768702,3.687009353848096,1,0,0,None
2026-08-02 16:45:00,SRV004,89.49383639555978,67.36324282028201,32.72775172135852,31.40871208728453,377.7340929492811,2218.3421969728875,3.471934499747651,0,0,0,None
2026-08-02 16:50:00,SRV005,56.361138456282596,55.568400756306104,70.29508798457607,25.274940910636758,479.7790884529584,3136.063307737908,4.146546391050595,0,0,0,None
2026-08-02 16:55:00,SRV005,81.77977591337091,62.72234454418657,62.49031737060827,25.06953687275061,385.1167305471342,2760.772339570992,3.8547801335951424,0,0,0,None
2026-08-02 17:00:00,SRV004,60.3597913406594,72.72211477352505,65.79077286173332,26.842662700513497,583.0276050728363,2086.319391230383,3.1867838818112184,1,0,0,None
2026-08-02 17:05:00,SRV004,69.44440859874172,66.01820613103298,61.69740414339585,28.052738909430307,460.42793830499204,1949.387240022199,4.682604748093829,0,0,0,None
2026-08-02 17:10:00,SRV002,44.13083422723413,50.87358977398779,53.06651779052356,26.53725951781172,446.2360358603015,3021.176484195988,4.454080402685435,0,0,0,None
2026-08-02 17:15:00,SRV003,42.193611661188825,51.84970894462246,42.24221547813492,30.14780504665743,432.7072662429509,2507.5546736837723,4.751633319257841,1,0,0,None
2026-08-02 17:20:00,SRV001,61.89558932522481,51.18836068509226,53.31909470530047,24.602568500914586,594.0266427360858,1802.921191064749,3.9421787984408696,0,0,0,None
2026-08-02 17:25:00,SRV002,69.82829863697972,69.9145258993959,43.29716425896838,27.36048280013713,276.62496661632144,1697.5979408979028,3.7785601590315854,0,0,0,None
2026-08-02 17:30:00,SRV005,55.603847530006945,85.63894535656668,60.833863720916604,28.335638130741057,603.8287827668726,1997.7825781601086,4.222136289571172,2,0,0,None
2026-08-02 17:35:00,SRV003,35.70409997374455,78.62458244000213,64.68135796657722,25.79930157028243,401.38461925458626,1942.2319353536366,3.4535149874474587,0,0,0,None
2026-08-02 17:40:00,SRV001,34.59612450566009,46.04014800853936,72.7217035743785,29.5191298096799,279.3851024184349,1579.2653630943537,3.8780357328319015,2,0,0,None
2026-08-02 17:45:00,SRV004,33.592953967206384,79.21075938069784,59.46121168663436,27.44687562372705,344.77902683569437,2005.2218560081767,3.6945932604071805,2,0,0,None
2026-08-02 17:50:00,SRV005,28.485668305909286,74.36400417014647,66.09490427914224,29.36653713945682,254.91927372764172,2086.413747260266,2.9233794096860475,1,0,0,None
2026-08-02 17:55:00,SRV005,56.642280391706315,49.547000544712425,51.43426315323829,27.582312324146496,485.365674558564,2291.7934202269435,3.876473302903443,0,0,0,None
2026-08-02 18:00:00,SRV002,71.87565882562038,61.96798383289502,49.26067434390166,28.129213714461685,316.170704965348,3261.809520307471,3.5354198649540187,0,0,0,None
2026-08-02 18:05:00,SRV003,54.798763196127865,75.9552241149581,60.68406268980162,25.102824729451935,436.86676662047,2379.920527555777,3.6544687015890176,0,0,0,None
2026-08-02 18:10:00,SRV003,21.093778639932218,70.50433510934785,50.3623255273971,25.10768488442633,533.4217030165847,2424.5913230151036,4.018270967389973,0,0,0,None
2026-08-02 18:15:00,SRV002,52.13859309498177,51.909049476120146,58.23022946593189,30.67318943978633,352.7983071433863,2729.164913709524,4.563519880391975,0,0,0,None
2026-08-02 18:20:00,SRV002,52.558015050510896,71.10742155796194,42.26569372797495,28.906531333561,393.18963069756074,2393.206868020048,3.290737945671213,1,0,0,None
2026-08-02 18:25:00,SRV002,86.43998125338159,43.62499403919412,44.420467810284386,23.931104501332793,289.66333900839845,2680.0688337490187,3.598065070922386,1,0,0,None
2026-08-02 18:30:00,SRV005,33.142931306206656,62.771778242427885,62.624911612219485,27.542590273964493,381.16428910488025,2626.27669462828,3.3409503821841136,0,0,0,None
2026-08-02 18:35:00,SRV004,49.13983596101207,76.37956769400049,65.64028090487315,19.878671839393725,677.4023625273372,2555.1648545196595,3.301891647320605,0,0,0,None
2026-08-02 18:40:00,SRV005,80.58779020816846,65.1839421557132,43.17212597239983,25.27817950890175,497.7933164110442,3744.9097379885316,3.4432586338101365,0,0,0,None
2026-08-02 18:45:00,SRV005,61.74967512019822,60.010624500380544,63.047371726077046,29.88308302985972,393.5269581106395,2910.0066298199586,3.682129830310883,0,0,0,None
2026-08-02 18:50:00,SRV005,63.44969610274637,73.8934625377235,48.6071719235767,26.62456323386652,358.8311963818285,2013.2251068819712,4.151522994126502,0,0,0,None
2026-08-02 18:55:00,SRV001,56.71876655535817,74.74751815086582,55.19806211440372,27.353738008998093,415.7366604343567,2666.5999837851236,3.9922674588709026,0,0,0,None
2026-08-02 19:00:00,SRV005,59.94915307985897,78.1003969286695,72.00333298948776,17.950856260439366,433.00507521936396,2143.718437003126,3.16588580055005,0,0,0,None
2026-08-02 19:05:00,SRV001,66.66414295417803,73.74342428446387,64.68984680827538,25.823239145591543,378.0930292854242,2700.812843826934,4.576496194350292,0,0,0,None
2026-08-02 19:10:00,SRV003,42.85770521660851,75.81374793937147,64.55046385626632,28.014816671481636,473.00591957711293,1881.1656623012786,4.366647383886223,0,0,0,None
2026-08-02 19:15:00,SRV003,68.170878683623,72.32908557437534,77.9054843014836,28.39586962619502,324.6552509939591,2001.4992483622095,3.2592886096341775,0,0,0,None
2026-08-02 19:20:00,SRV002,34.40495474671691,67.65528649116472,46.55344790740243,29.887067134003093,324.1612325015732,2654.758403120557,4.534466535151736,0,0,0,None
2026-08-02 19:25:00,SRV001,59.92551959247307,65.89508999763814,43.16950030008945,26.369226744679715,457.01954570502045,2948.9511011191116,3.9961630475577654,0,0,0,None
2026-08-02 19:30:00,SRV001,57.68111444929491,62.62740280902598,46.33453275725691,26.50303256212755,303.1358246435602,2726.189956938856,3.706126818244852,1,0,0,None
2026-08-02 19:35:00,SRV005,45.75560367711838,52.876317069402745,51.94598735912062,23.003647711770412,492.90172528625396,2884.352800540848,4.014848026687587,1,0,0,None
2026-08-02 19:40:00,SRV002,54.6597208701153,55.44688491180192,26.745392628497278,26.386435382480407,418.57193876030664,2668.2183514437306,3.7845375226246865,0,0,0,None
2026-08-02 19:45:00,SRV002,45.6618977100167,62.179855180647905,52.510861159638274,23.215274812806605,237.20907812827866,2577.623244564549,4.127047192688844,0,0,0,None
2026-08-02 19:50:00,SRV005,38.92448009707384,67.41452159602429,48.46515121726106,21.45638964058375,430.94991255609466,2273.3380265837036,3.9123893138787,0,0,0,None
2026-08-02 19:55:00,SRV001,49.695778875795334,79.40812598004263,64.40511720877359,23.744461889668266,251.48533754110053,2865.8508139225587,3.597544368636678,0,0,0,None
2026-08-02 20:00:00,SRV005,38.44017046942508,64.58202772124487,59.22903254812048,31.526054723411914,489.33620096556615,2961.1956547719888,2.5845039445031697,0,0,0,None
2026-08-02 20:05:00,SRV005,59.841961961398724,75.03476290877664,47.79164046676796,26.18831639546017,395.1285670749404,2471.597938901601,4.116309524379155,0,0,0,None
2026-08-02 20:10:00,SRV003,37.74871758771455,75.79315656432121,62.07953014435485,27.659632089070097,605.108421650682,2447.383281199604,3.5758068329679595,1,0,0,None
2026-08-02 20:15:00,SRV001,65.67965534486576,62.68553202311209,63.679156717885235,25.45951124640583,527.1312844372607,3216.1326152750066,4.266767965787148,0,0,0,None
2026-08-02 20:20:00,SRV001,37.277813981067695,70.94690211370184,45.777450522503074,21.62834694164431,313.9307493768175,2490.8101990827,4.089005037365432,1,0,0,None
2026-08-02 20:25:00,SRV002,46.505576266284905,62.56471958275139,49.08370893541098,29.80833937478912,217.92601361585827,2534.058641664686,3.5914014733063944,0,0,0,None
2026-08-02 20:30:00,SRV003,45.630948876772315,78.22135894078477,28.29564175482421,20.483405580433235,344.4898743208626,2717.9016584888027,4.413792914646401,0,0,0,None
2026-08-02 20:35:00,SRV001,74.87720093312258,71.35843338265933,41.91208030756858,25.335621969625024,297.8741397169629,2455.987184820631,3.9229049971019423,0,0,0,None
2026-08-02 20:40:00,SRV003,59.954349184248876,53.095162453116444,46.09036527491706,26.836155357449815,602.5738086877094,2130.846854765607,3.898185708426852,2,0,0,None
2026-08-02 20:45:00,SRV001,51.82399296183409,66.61524652153847,55.88999411927226,27.691468930289567,418.96853407198483,2670.0845089855848,3.7171335879421146,0,0,0,None
2026-08-02 20:50:00,SRV003,62.48079161604585,81.4811216182388,43.65540784768221,24.82059118641339,513.3418804183167,2482.5602454899554,4.810133427343878,0,0,0,None
2026-08-02 20:55:00,SRV001,23.392114790054677,63.18768965453299,48.83857615541069,21.486115550835077,391.49690874494144,3329.0123904135235,3.3720399625426047,0,0,0,None
2026-08-02 21:00:00,SRV004,54.352996155386386,69.47715030095068,40.29603182100881,24.596720122993684,402.03325117193543,2854.801847631569,3.606395277524567,0,0,0,None
2026-08-02 21:05:00,SRV001,84.96271266707144,70.45878837739146,57.05336678237525,24.753726037141014,416.7372977491092,2232.0329711006493,3.057598912952002,0,0,0,None
2026-08-02 21:10:00,SRV001,56.98519759604009,54.633771008353996,60.10857513501889,24.680719514534758,530.6539318592446,2828.0770986356692,4.236038646394704,1,0,0,None
2026-08-02 21:15:00,SRV001,56.018697537540035,70.10707949213514,59.82838418103787,29.91017577062281,451.16247556745986,2638.539625628941,3.4507105961853957,2,0,0,None
2026-08-02 21:20:00,SRV005,63.221925694632944,51.06164847965374,55.14833358286311,23.35919166558257,314.2666156523335,3089.241835875481,3.517978650964207,2,0,0,None
2026-08-02 21:25:00,SRV001,68.43407864971519,58.74375893598604,36.50712404198327,27.902937823314478,582.2514138086417,2263.9956042269323,3.489838020705691,0,0,0,None
2026-08-02 21:30:00,SRV003,25.037999606652104,75.75722967494193,47.56055603328579,27.474891111653747,390.71845010136866,2584.904266761786,3.8376331496374325,0,0,0,None
2026-08-02 21:35:00,SRV003,29.765102773134597,68.56756290308358,50.11231993217819,29.88136523241501,374.44798761233517,2455.4078579083784,3.049544249204512,3,0,0,None
2026-08-02 21:40:00,SRV003,58.1543693662922,61.95522192253473,50.1604562449525,26.600604384789207,137.0494697750965,2526.3157403762348,2.454052840338643,1,0,0,None
2026-08-02 21:45:00,SRV004,44.27685157153736,69.46461021245187,55.89977461587804,29.373392901592677,483.4399591161337,2101.660472948223,4.074622422435663,0,0,0,None
2026-08-02 21:50:00,SRV005,74.68037893329871,64.39907752244869,72.10649646845224,26.483339585717705,430.10126396618836,2759.1602505609294,2.5318653762777736,0,0,0,None
2026-08-02 21:55:00,SRV002,50.27238415172164,65.12578502351833,64.7451545522152,28.3031775797544,429.9925656601902,2688.0839241322738,4.312482670386427,2,0,0,None
2026-08-02 22:00:00,SRV005,25.982038964303232,71.56818526720137,43.149786641815666,22.49117673825828,379.7175328889182,3078.3506276148078,4.735116649721088,0,0,0,None
2026-08-02 22:05:00,SRV002,35.979791247340046,57.72632259340868,63.1408345035596,19.085165771126675,362.4782159867217,2495.4883666059486,3.70146571763898,0,0,0,None
2026-08-02 22:10:00,SRV005,13.75485970554137,65.4033640555469,62.683628411988835,28.13264056069756,383.041957316957,2314.672221288339,4.579695768032294,0,0,0,None
2026-08-02 22:15:00,SRV003,51.48811694075631,61.87731805393347,45.327190324581224,28.29354937811769,466.3160871127279,2855.1824700748166,3.7854461482740684,1,0,0,None
2026-08-02 22:20:00,SRV004,52.17423809103425,49.14396625399745,65.18639107162527,28.426506999455647,483.91177730333504,2142.608028280142,4.759544695446722,0,0,0,None
2026-08-02 22:25:00,SRV005,48.633059353271534,55.795442437507006,53.07548036865684,25.425202455735963,396.89684116254017,2988.2430407877814,3.5262692887320735,0,0,0,None
2026-08-02 22:30:00,SRV004,71.18318558544608,80.68206447063832,38.08055811982666,31.469166756631118,514.8937494316759,2987.2788988361663,2.381070914341327,1,0,0,None
2026-08-02 22:35:00,SRV005,72.9777975477504,68.84723314585234,60.4624326956457,25.620366552788933,412.10258189825225,3065.775505510484,3.7520529535360985,0,0,0,None
2026-08-02 22:40:00,SRV003,52.44417364965833,51.76411698598611,57.60354188337429,28.26263705901711,369.57735818763445,2669.480343105772,4.824777916046443,0,0,0,None
2026-08-02 22:45:00,SRV001,22.979594987847157,49.596456241515895,52.26786844977007,28.783908675012235,439.8415574907364,2281.076627831005,4.120980983564251,1,0,0,None
2026-08-02 22:50:00,SRV003,64.25922370738388,63.87836099889416,54.550562980200404,32.15622047924733,284.06135815061396,2549.1344768374133,3.4908060628772937,0,0,0,None
2026-08-02 22:55:00,SRV001,63.33040342762863,80.61186533176482,46.37097425333846,26.048911140630498,443.2718309079249,2671.0310027856426,3.9973407015708387,0,0,0,None
2026-08-02 23:00:00,SRV005,59.64087355235417,63.13241865195647,62.32156604556531,25.04042128131254,265.7817894473628,2247.936259665456,4.382674903071531,2,0,0,None
2026-08-02 23:05:00,SRV002,69.72219623962174,78.06999553404016,54.47859238589289,22.50556384675403,317.22730400162357,3099.902330016347,3.7486301366513173,0,0,0,None
2026-08-02 23:10:00,SRV002,37.527578553084396,68.51930770818657,56.99738612737873,31.65710101998742,218.13085932833755,2761.0378754058443,5.375834051205428,0,0,0,None
2026-08-02 23:15:00,SRV002,85.13133079277708,69.71250457845893,59.285703093146466,28.26423272114562,402.48830473284994,2098.4996701050977,3.4895492260883074,0,0,0,None
2026-08-02 23:20:00,SRV004,40.60858370287198,51.64279490695431,41.1449726268841,28.359183317682906,580.9633702309094,3347.2931544095995,4.4015064332268485,0,0,0,None
2026-08-02 23:25:00,SRV003,66.23834390801282,74.37522921749758,44.268603737415376,36.35011272397176,408.2923338918565,2543.8251738265794,4.25716234188908,0,0,0,None
2026-08-02 23:30:00,SRV005,29.689784583799725,61.650679627263926,28.48066648460549,27.975134223558896,484.35853794331274,2007.653630717506,3.380103545181165,0,0,0,None
2026-08-02 23:35:00,SRV003,41.04602969094924,73.63092453610908,61.77690710188489,23.093035784699904,655.2313897312389,2126.3856447637268,3.545335839591396,0,0,0,None
2026-08-02 23:40:00,SRV002,77.74552970088004,56.85830018013887,40.4534797150388,26.41228927502107,460.4055848120096,3169.502618724405,4.410859188487619,0,0,0,None
2026-08-02 23:45:00,SRV001,51.08650265498725,66.77049347509913,56.59083651874783,24.07565277345404,343.47879554119777,3321.2432122975697,3.8868727325625447,0,0,0,None
2026-08-02 23:50:00,SRV001,67.59883907699196,68.52002953937631,59.45185869927463,25.812394816251683,357.2431397264163,2954.268274066413,4.002843036036364,1,0,0,None
2026-08-02 23:55:00,SRV002,58.55433083078869,63.45966683424133,62.22823406671024,25.792231191736178,420.0658208223006,3093.6888918642107,2.8184195877773854,3,0,0,None
2026-08-03 00:00:00,SRV005,53.42562765999741,69.04545193086156,40.55179703396729,25.238926826798853,356.71053547390756,3047.476956459375,4.193599193097261,0,0,0,None
2026-08-03 00:05:00,SRV003,75.45775487399035,62.336029248074915,54.21806058231171,22.82015248393381,364.1913000186568,2750.6122687438296,3.9723781064495407,0,0,0,None
2026-08-03 00:10:00,SRV005,51.4501176302215,58.50940246958721,75.04336504945299,31.77750490101689,518.525390925949,2648.068804514917,3.7616539864153076,0,0,0,None
2026-08-03 00:15:00,SRV001,28.288928386547944,81.05483382793965,75.5717761598118,27.89654413331518,522.6156280772212,2742.9384375144737,4.016535117835446,0,0,0,None
2026-08-03 00:20:00,SRV001,42.951398620724426,75.48952866361442,66.8478771283234,26.323583895899286,255.3107517951336,2831.2069494144826,3.55446937572545,0,0,0,None
2026-08-03 00:25:00,SRV005,63.26787593052541,57.39135254951823,59.04991766582607,29.27291348854723,338.18304820997804,2166.280897063121,3.4448584976699155,0,0,0,None
2026-08-03 00:30:00,SRV001,60.93263659543762,70.68444305594613,42.93872333385547,28.413201824548175,373.5995613086607,2829.3814281904497,3.654868681016534,1,0,0,None
2026-08-03 00:35:00,SRV001,31.494126246468426,57.57321145298847,63.62345950469263,27.827072198226144,479.90889461652523,3156.377581283658,3.5214780930090215,2,0,0,None
2026-08-03 00:40:00,SRV003,44.13486220887698,53.15315356337676,53.10374525503791,29.05499421830048,534.3075588505657,2407.132407251936,5.10831773662592,0,0,0,None
2026-08-03 00:45:00,SRV005,46.2741797619663,75.33809441398977,61.72633930327413,27.40180423127597,690.1967934273885,2359.0384966051915,4.347122437306154,0,0,0,None
2026-08-03 00:50:00,SRV004,49.517956088286624,47.95900374352594,47.4058785417746,29.010664370974773,373.4326703717339,2714.4458391574,3.2189186456169794,2,0,0,None
2026-08-03 00:55:00,SRV001,34.36129617097673,74.26855913576541,52.924802645920856,29.259336902633326,378.4271285657971,2207.6541023163386,5.021777601356505,1,0,0,None
2026-08-03 01:00:00,SRV005,45.57443337820782,62.472776874269414,56.9697683209171,27.48815620509841,478.8570015637714,1907.4316225176221,3.540286033138212,2,0,0,None
2026-08-03 01:05:00,SRV005,44.070842721107084,62.88453396919471,57.955337097926304,26.338816519511653,351.77832810451406,3016.47356804733,3.8176732204785706,0,0,0,None
2026-08-03 01:10:00,SRV005,66.57299889642879,69.0975121962329,60.924672573522976,31.591193404361725,405.90381385094827,2297.071932989455,4.338450316958792,0,0,0,None
2026-08-03 01:15:00,SRV005,67.13681966485366,70.81198811994253,48.04966018570121,25.566295380679698,378.49618912164544,2508.3018604240942,2.6180068736614306,0,0,0,None
2026-08-03 01:20:00,SRV002,52.81284312866776,56.73656823171092,38.880586574677565,28.173940801282036,157.8346078095821,2225.4437315463706,3.6577844918354185,0,0,0,None
2026-08-03 01:25:00,SRV005,49.119403061939025,72.17725608750064,74.49742047879754,28.2417252322172,432.3233230151546,3074.53966671085,3.4559996894196994,0,0,0,None
2026-08-03 01:30:00,SRV002,57.0988646805867,66.13370538025224,84.8710500282803,25.171326443209093,401.763904069721,2883.9292712278066,3.9230480477264806,2,0,0,None
2026-08-03 01:35:00,SRV005,42.75137338816638,52.43945207131962,60.36904853442854,24.576532844065518,547.1231050256899,2391.667206480835,4.022029809959266,0,0,0,None
2026-08-03 01:40:00,SRV003,37.797518767488384,63.30125516420261,39.112094863238674,25.938443937390446,420.5490407536355,1969.0461858567617,3.753644380800589,0,0,0,None
2026-08-03 01:45:00,SRV004,40.89668186611425,78.81279015558925,45.72165859788548,25.523349440473176,294.52525216858277,2343.88158781381,3.725811621092607,2,0,0,None
2026-08-03 01:50:00,SRV004,45.47780254042815,81.76594798245696,61.10941082861163,22.625608315083404,394.19011270204766,2756.568714977371,4.439078823581267,0,0,0,None
2026-08-03 01:55:00,SRV004,37.54789300311593,72.17348457608678,71.09338734017544,25.045514752442173,210.8917156863372,2584.8860668358943,3.9808915582004225,0,0,0,None
2026-08-03 02:00:00,SRV004,57.43089338594312,53.0965651183163,40.44531238549773,27.798668953903686,298.9082164800358,2549.094120003394,3.8248550060311657,0,0,0,None
2026-08-03 02:05:00,SRV004,65.94573510675562,69.90606902455889,53.508006149813184,30.797830752445797,483.55059681529974,2595.264441761415,3.888722354876083,0,0,0,None
2026-08-03 02:10:00,SRV004,31.193525488026374,73.50860903859193,57.35118477332763,28.6631740055209,395.26595600463367,2841.4583041741716,4.901533398518131,0,0,0,None
2026-08-03 02:15:00,SRV001,55.3769306682405,72.25707983318722,65.3749414154305,19.201396504889285,512.2508239498065,2481.16335817073,3.9036043861904632,0,0,0,None
2026-08-03 02:20:00,SRV005,51.70096307100496,72.84954288687918,50.87678686719545,28.923911144271983,223.31077491219523,2702.5060527067762,3.4913308970205765,0,0,0,None
2026-08-03 02:25:00,SRV003,60.12263028305205,68.63263079247531,36.23422370413691,25.325544642312845,395.7538602676247,2055.8863565147058,2.6546005468333647,0,0,0,None
2026-08-03 02:30:00,SRV002,54.80591847844618,64.27587661169456,62.45437071343483,28.35924022406329,372.4487501612215,3649.2328496388964,2.9396375755790274,1,0,0,None
2026-08-03 02:35:00,SRV003,33.19601080102554,58.91632504095982,68.49755158205485,26.957594222368115,515.5848582613206,2372.2633063076855,3.5197844629521433,0,0,0,None
2026-08-03 02:40:00,SRV005,36.06416051714252,46.02064481498503,54.00890245905807,26.421937121739518,487.2762768166623,2591.61685354779,3.734973893627511,1,0,0,None
2026-08-03 02:45:00,SRV005,55.44135363377459,68.3964176671335,59.862881095677174,26.693292816113576,484.22521500882976,2754.909486153795,3.4666271242338564,0,0,0,None
2026-08-03 02:50:00,SRV005,70.43171379618263,66.86052843652189,49.30610524687515,26.93272707519066,574.1410038084101,2315.1442694197567,4.010686386227485,0,0,0,None
2026-08-03 02:55:00,SRV003,21.787189434354957,70.57575842824816,44.85072646328927,31.03321491627073,383.19128907134336,2503.521157412258,3.458895173295015,1,0,0,None
2026-08-03 03:00:00,SRV004,60.1858986970237,51.62456306707106,67.31710816656663,26.94101943874474,553.5080835300719,2498.053873595549,3.2513064379187417,0,0,0,None
2026-08-03 03:05:00,SRV002,72.84433007931464,71.45016689315061,59.64995017377353,30.2566083995436,315.5793849120264,2088.68285834198,4.167586301214447,0,0,0,None
2026-08-03 03:10:00,SRV004,52.7046118569068,85.54545094620778,60.88442319282259,29.81971759753697,311.9122250234306,2697.3652414928374,4.6216366981268076,1,0,0,None
2026-08-03 03:15:00,SRV004,63.25303744039661,65.78450130777911,73.02538177593536,29.001136642750957,495.2746571498339,1757.850172783571,3.135699441352071,0,0,0,None
2026-08-03 03:20:00,SRV002,44.45396378653297,64.38334680793459,42.341891988177125,21.640143539610968,269.5259261591199,3288.7187990874763,3.946229518224687,0,0,0,None
2026-08-03 03:25:00,SRV002,53.20950701084685,68.090023560857,48.375684782086935,30.349897968484818,477.2765628418958,2856.8368982402767,2.656997205107709,0,0,0,None
2026-08-03 03:30:00,SRV001,30.686297225377725,85.32337024710338,56.895200186016346,25.626296117593235,430.1313193721326,2787.6050609440194,2.915277121563704,0,0,0,None
2026-08-03 03:35:00,SRV001,19.83485037371689,54.76352238300109,48.228241146865095,29.147181843224317,527.1852728654873,1718.5110494050411,3.446740503213696,0,0,0,None
2026-08-03 03:40:00,SRV003,69.14148701837912,67.03206933393905,64.3976384232694,24.08240150027876,414.05560350451105,2143.362097018141,4.480946259426316,0,0,0,None
2026-08-03 03:45:00,SRV003,40.22507608413337,57.00342577702356,52.75120934915219,23.44477787009023,425.6048946295527,3125.2053043622745,3.332776382176715,0,0,0,None
2026-08-03 03:50:00,SRV001,48.167082324948545,59.52995279155005,43.08960631003372,32.9291662104936,470.9264992924906,4368.058628667821,3.31033971514067,1,0,0,None
2026-08-03 03:55:00,SRV003,34.2033662009471,64.5040969211806,55.78926010225194,24.129050799485658,353.73504499402213,3037.611609275664,3.8216523691366695,0,0,0,None
2026-08-03 04:00:00,SRV004,33.85045445374186,78.47323241613559,57.04406524968145,30.43831991715524,349.3793692509779,2966.624534612928,3.8222501666899102,2,0,0,None
2026-08-03 04:05:00,SRV002,52.392434498580755,83.00990600688738,66.21618475475597,27.35526096430956,467.4429439843419,2736.2384026513846,3.328921116347198,1,0,0,None
2026-08-03 04:10:00,SRV002,44.056342087965305,69.48142144626706,59.71769083776909,25.739639824919486,417.07121908693625,2118.6262619304234,4.991732940357943,1,0,0,None
2026-08-03 04:15:00,SRV002,60.66956496992048,61.23405276976515,60.53375669631803,26.86551334700938,379.268608269572,2947.8283374401485,3.640781976130776,0,0,0,None
2026-08-03 04:20:00,SRV003,61.78807628469388,89.92738866638518,58.843500208086695,23.09671651040607,411.72159003023324,2004.456698306382,3.868150989450848,1,0,0,None
2026-08-03 04:25:00,SRV002,59.81274469486911,60.7244551867048,52.74132974449684,26.95873686117231,579.455950783833,1955.236675687066,3.5589322773737346,1,0,0,None
2026-08-03 04:30:00,SRV004,58.57901186392665,59.28864085640263,46.405370618664826,23.75177905831212,375.69815932601074,1926.9118035526794,4.0639829372907075,0,0,0,None
2026-08-03 04:35:00,SRV002,78.6665230739783,47.25056955421273,58.466060219912514,25.813668617058042,372.79803867179845,2939.075190925717,4.54097453582247,1,0,0,None
2026-08-03 04:40:00,SRV003,38.986093464326714,78.96091569244743,51.00250280939631,29.77589869190873,249.2555775337505,2474.1636752826244,4.798198218172743,2,0,0,None
2026-08-03 04:45:00,SRV002,54.17597700695623,74.68245592371294,75.27787144529219,27.76257202967297,415.7647061842885,2545.3861449569713,3.3426405948416718,0,0,0,None
2026-08-03 04:50:00,SRV001,71.99034730779383,89.17805536116447,71.10618753727863,22.553488503358437,485.6883511240392,2493.068228327192,4.460477105780727,0,0,0,None
2026-08-03 04:55:00,SRV004,73.96809714007054,51.10476647781874,62.5940695882193,29.55446438074161,503.6198115680868,1993.4275564607988,4.129808491730611,0,0,0,None
2026-08-03 05:00:00,SRV002,33.67354525983141,79.5817080747911,59.541603271515825,26.978700714272573,430.8217601630533,2198.1710922921684,4.3847219656760466,0,0,0,None
2026-08-03 05:05:00,SRV002,50.31466837516195,65.70135518366128,53.94449138822588,25.373444194771984,515.5833573080884,2220.8082071859462,3.744872436384321,0,0,0,None
2026-08-03 05:10:00,SRV004,75.3718164380089,73.06100216800137,39.866515223834384,29.240028911726792,493.1230401880242,1867.6278487485877,3.6877755360306916,1,0,0,None
2026-08-03 05:15:00,SRV005,62.62118657798598,48.52222858895529,52.40593332013641,26.49837948906899,531.2950229692262,2273.105457114842,4.361428787428396,1,0,0,None
2026-08-03 05:20:00,SRV004,57.92894547219659,79.68081822665297,56.21680040086308,23.50301598028286,518.4302655477561,2013.4120946216926,4.372815503633772,0,0,0,None
2026-08-03 05:25:00,SRV005,51.73472959848015,72.8651675133183,57.753477693335945,32.54342913434881,576.9978196107252,2759.9540329901465,4.7394323383171315,0,0,0,None
2026-08-03 05:30:00,SRV005,49.24298611438382,64.61089965213783,60.63443640418991,26.948137671327036,403.030683343375,2797.436978785071,3.9191285332702934,0,0,0,None
2026-08-03 05:35:00,SRV003,59.323285946354865,71.45112687661121,66.05596237453221,26.75584438655335,287.2941957638492,1917.8623948120496,3.7358512234191457,0,0,0,None
2026-08-03 05:40:00,SRV004,51.21438812523275,57.34504698957751,46.694151139685594,25.78468448480823,486.371874368542,2366.5157060884,2.324087852003477,0,0,0,None
2026-08-03 05:45:00,SRV002,54.361320684333336,59.205599144183005,46.803092713491864,30.53989721837277,498.0553189322776,3335.2269465925165,2.833243677202799,1,0,0,None
2026-08-03 05:50:00,SRV003,56.17898059172556,60.36555386374604,72.4102801569179,25.42536447557388,576.9995393381139,2058.656696044768,3.563449036889964,0,0,0,None
2026-08-03 05:55:00,SRV003,44.82892707259751,46.47272138309722,64.25177907031778,22.365060423565186,548.1290356169707,2691.9870180077796,3.1393646412522704,2,0,0,None
2026-08-03 06:00:00,SRV005,62.98194060822158,73.61758494203367,50.31074869440015,24.963967014312065,614.5472455864565,2547.484870301298,4.288478339259948,1,0,0,None
2026-08-03 06:05:00,SRV005,98.7136697262313,76.91593614182567,53.71346597257316,30.980323801364378,481.9853980326533,2991.7994010284083,3.013987423052628,0,0,0,None
2026-08-03 06:10:00,SRV003,28.345200410108873,57.98655850236158,53.767432639901216,29.496396484371353,442.8810591938628,2632.960078610833,3.499217402989827,0,0,0,None
2026-08-03 06:15:00,SRV004,59.8601878628497,68.48203015944819,55.378889467376595,26.234953042020418,281.50168786742535,2305.9170349343126,3.522784104116907,3,0,0,None
2026-08-03 06:20:00,SRV002,43.597148670716415,62.34459525370764,60.67219710686336,31.11976542492142,450.80965345140805,2530.0438546627984,4.522845850039667,0,0,0,None
2026-08-03 06:25:00,SRV005,63.66103866278875,68.2827396208103,85.41991295319798,29.24382668646565,364.7496643128682,2536.6164747791813,3.4350567505882132,0,0,0,None
2026-08-03 06:30:00,SRV003,55.698362099917915,58.72422758788971,57.27707873395183,26.20023190909618,441.1510013432471,2458.7371679727294,4.071447270828792,0,0,0,None
2026-08-03 06:35:00,SRV003,66.42782161063695,56.16574843912364,62.95117780510301,26.50227043469676,425.4513186309656,1906.399845104192,3.91742367651363,0,0,0,None
2026-08-03 06:40:00,SRV004,72.6325986476317,75.52074886023743,34.762279525718284,27.9879531958363,467.1733588850135,3059.3898734190516,4.341973091268367,0,0,0,None
2026-08-03 06:45:00,SRV004,57.88631676652272,64.36129414875508,49.18120008665398,24.50433915100855,410.26692904614896,2979.895114538946,4.310129031269888,1,0,0,None
2026-08-03 06:50:00,SRV001,71.98078432621267,85.22108950853476,69.74578003259926,27.013515196528054,513.5020190732585,2030.1149379085641,3.7799359322782733,0,0,0,None
2026-08-03 06:55:00,SRV002,19.83553159316984,65.4630996479414,59.827784696279394,27.92554009383987,147.68456871249418,2364.673465517311,2.7822232924356918,2,0,0,None
2026-08-03 07:00:00,SRV001,78.85678446874034,55.739219596495076,5.0,21.93910128417438,438.9993575157844,2398.711448790603,3.6609554680126224,0,0,0,None
2026-08-03 07:05:00,SRV004,60.6259322783851,77.26940876435938,63.088278427794364,26.432039032296306,540.2489779152562,1979.566539775188,3.7880266132807083,1,0,0,None
2026-08-03 07:10:00,SRV001,71.16765033617773,71.3080016414602,78.01797273554523,26.090831443902935,607.0048508456215,1659.9416795069797,3.9716055398916668,0,0,0,None
2026-08-03 07:15:00,SRV002,36.701863827377174,72.26872863696424,31.049108966562482,30.084204059880967,493.1961338385063,2198.2333066394485,3.3574669128675136,0,0,0,None
2026-08-03 07:20:00,SRV003,42.53845177591997,76.90600678867918,73.23265210774615,21.466509018566896,588.488302258254,2339.618946886964,4.484540671045168,0,0,0,None
2026-08-03 07:25:00,SRV004,57.189074412171614,58.47203706154205,21.736532432488865,25.85548194088887,436.89359957587425,1851.4449999861913,3.8081716509889953,0,0,0,None
2026-08-03 07:30:00,SRV003,54.74443165993805,63.72746691014712,66.25598734064096,25.55473605790624,420.2862575927063,2579.6399938384657,3.2477015913127243,0,0,0,None
2026-08-03 07:35:00,SRV005,59.246028820149846,63.28550168512207,54.89621648785312,29.880212891764803,472.94156432277515,3023.285336492353,3.5250632967549915,0,0,0,None
2026-08-03 07:40:00,SRV005,71.26772741394949,52.092534630843815,26.800345417064605,26.869360291905323,419.6805717108935,2878.9522657743705,4.957125592380098,0,0,0,None
2026-08-03 07:45:00,SRV001,28.52169527045726,62.36409849841756,60.35365392687744,32.38828393695711,341.76425319826393,2442.9914560785764,4.198626735767899,0,0,0,None
2026-08-03 07:50:00,SRV005,69.60728607575963,78.36379457876825,68.81007698982471,28.98664014571916,368.4759755868101,1671.8147365654613,4.429073933338642,0,0,0,None
2026-08-03 07:55:00,SRV004,55.1242286493689,67.37338103793847,59.36664404585888,25.769331017431444,308.7847093923843,2822.066053296571,3.1750478181719513,0,0,0,None
2026-08-03 08:00:00,SRV004,51.94327208313178,51.53938672155012,62.017931644715354,27.718976089676875,472.8377094865245,2565.8764760790514,3.386702184689719,0,0,0,None
2026-08-03 08:05:00,SRV001,32.933271484226644,49.44160588335065,50.05988665193126,25.937793571891625,421.1391812500477,2690.957999148109,3.3911466164712527,1,0,0,None
2026-08-03 08:10:00,SRV004,62.54573002565297,81.64776058748271,32.663322937347736,29.578188271471262,383.97138832419023,3371.2462601361312,3.910636242553173,0,0,0,None
2026-08-03 08:15:00,SRV004,18.78838223453444,64.0968098974487,63.30236826804477,23.003406860126965,363.33162431627096,2128.834766711206,3.6955989013486645,0,0,0,None
2026-08-03 08:20:00,SRV003,64.7259101685807,58.525897942983825,75.99704703335556,24.528912070286,470.5056346199626,1206.332830095081,3.5063033532457872,1,0,0,None
2026-08-03 08:25:00,SRV001,32.61841246790512,62.26008235102997,68.55497025072951,28.367069755664765,498.04481806100705,2025.9454399856093,3.5815582444979275,0,0,0,None
2026-08-03 08:30:00,SRV003,55.80186868926211,50.22692245682668,31.14549004478385,30.677269346170863,306.94860034948175,2718.7202807205194,3.323578887994958,1,0,0,None
2026-08-03 08:35:00,SRV005,53.21246744008119,79.2309514951162,36.82126711346879,20.394094211582406,291.23153302243827,2512.116655786618,3.6920964278591537,0,0,0,None
2026-08-03 08:40:00,SRV004,72.54307220940825,61.069470624139704,44.848387098431914,31.123413647971248,515.4509955621015,1952.963741680593,4.467929350300248,0,0,0,None
2026-08-03 08:45:00,SRV001,52.320172464791646,78.67401527738421,35.88429458463828,26.579594614715983,282.48667615114044,1861.1271775706064,2.8921163890701473,2,0,0,None
2026-08-03 08:50:00,SRV005,44.587921582815014,65.51651714447316,55.53027903467247,21.34837511418851,474.74868338224843,2340.425942882172,4.0078876601811375,2,0,0,None
2026-08-03 08:55:00,SRV005,47.40095956043196,79.2953197456844,59.720989662166275,17.994816474331984,581.6909198754013,1939.2573985531876,4.628055616927774,0,0,0,None
2026-08-03 09:00:00,SRV001,74.09324153131996,67.56694499043086,37.83696060109159,22.41184180257516,581.9234803393134,2734.2850382145366,3.6900877408606596,2,0,0,None
2026-08-03 09:05:00,SRV005,63.044454537713406,73.53232662869075,64.32554151130634,26.940885432463794,493.78725906320915,2314.857900118179,3.4826743825124624,0,0,0,None
2026-08-03 09:10:00,SRV003,49.21555027715258,72.19093046088337,62.21324732824017,26.802305886573347,490.88095153221207,2217.7969520507295,4.354538891570353,0,0,0,None
2026-08-03 09:15:00,SRV003,51.453303700532295,71.23291066251971,48.42209050187556,28.89960130412793,645.1907450196454,2158.7756186846473,3.209466873878694,1,0,0,None
2026-08-03 09:20:00,SRV003,31.492343641218294,68.4793447718271,52.92973616819219,25.35153846731711,186.56043371062293,2618.4052269612675,3.7863850820367615,0,0,0,None
2026-08-03 09:25:00,SRV004,60.82711301277311,62.67149283884415,31.60238589216362,23.675878360661486,373.5664323919365,2519.174150692016,3.1760935397685635,0,0,0,None
2026-08-03 09:30:00,SRV005,28.602764384568015,84.15434691572861,51.01285412455511,25.76074083701732,504.8491849076602,2590.8807714381674,2.677939417985432,0,0,0,None
2026-08-03 09:35:00,SRV004,66.27694698753184,55.930630149040994,55.088619689563906,27.10083086073473,386.2712992158043,2581.058249712615,3.7088094411231225,0,0,0,None
2026-08-03 09:40:00,SRV005,56.92932388736899,65.0430764234316,57.02497114273827,27.692318384865832,543.9778308607034,2467.512008531482,3.04196296203981,0,0,0,None
2026-08-03 09:45:00,SRV005,90.80427699360884,65.14885875207595,59.546522944242085,24.632505902182782,416.0645939689807,2035.0912374438592,3.7929976920024986,0,0,0,None
2026-08-03 09:50:00,SRV001,38.497966694135414,69.02440753343521,57.930900918766866,29.70434010100608,433.17438603375973,2171.328942970932,4.469017774628424,0,0,0,None
2026-08-03 09:55:00,SRV002,53.4600686343905,60.705273541054986,51.82787563281195,25.135809684827898,392.5325335754062,2322.3962926874783,4.912553244007774,0,0,0,None
2026-08-03 10:00:00,SRV004,81.97431551384594,68.14746305589588,58.4343393106518,24.39084791302529,367.7489041191939,3429.337857139745,3.856117570365925,0,0,0,None
2026-08-03 10:05:00,SRV003,72.87084460437121,63.31157414797034,67.02438391972298,25.37282547159513,365.28900368523483,1893.0236558124348,4.4115294991853595,0,0,0,None
2026-08-03 10:10:00,SRV001,44.556819226301506,49.180474825621005,53.85402312028427,30.22452052710782,447.1166296836776,2311.460573507399,4.03937759006398,2,0,0,None
2026-08-03 10:15:00,SRV001,58.35951142560172,65.09552286256846,58.81113868998012,26.601610641178024,342.5435034177133,2544.22017704972,3.5701318316749644,0,0,0,None
2026-08-03 10:20:00,SRV003,55.029990346226306,53.99434666969849,52.76594724803058,24.916459490790686,515.3204883491287,2363.500261027378,2.645134187641463,0,0,0,None
2026-08-03 10:25:00,SRV004,59.22933801091236,47.65614237551099,47.23889300224514,29.778323251345633,485.32259246028235,2983.286293646982,4.775895396249271,1,0,0,None
2026-08-03 10:30:00,SRV001,44.519793460227554,66.36873320689385,61.27455600301125,33.42824561984624,529.9416440969841,2361.1759312737104,3.170538686431326,0,0,0,None
2026-08-03 10:35:00,SRV001,53.660193959488986,69.87883342019566,48.33728866995754,27.629047902926843,307.10756440070014,2394.456370382226,4.629662546850661,0,0,0,None
2026-08-03 10:40:00,SRV001,31.029214370849296,70.26698042104576,59.63376281190629,30.7015273825963,250.0523453213556,2866.5828311273426,4.1220845775573505,1,0,0,None
2026-08-03 10:45:00,SRV003,57.02685177802123,70.67170707019694,55.339064458120546,30.108233851724368,419.5814244368236,3314.820248313269,3.2143923288515843,0,0,0,None
2026-08-03 10:50:00,SRV001,61.75031010132748,45.674109790593896,51.352783881758285,25.183080745025002,709.8800613559521,3133.3742682767474,3.987199017091372,0,0,0,None
2026-08-03 10:55:00,SRV003,51.58870881034174,51.3898307209253,51.06228601424007,27.079902541428698,546.620877809457,2438.505752150885,5.079746636771198,0,0,0,None
2026-08-03 11:00:00,SRV003,30.774236641228182,84.73521436813671,48.90254809101176,23.15236611088804,364.5553691493287,2477.7186047204186,4.7213915485182625,0,0,0,None
2026-08-03 11:05:00,SRV003,69.82797794277194,54.527912399229635,35.250385934931835,26.385173200915094,462.4512134431341,2521.023660152892,3.492372166319331,2,0,0,None
2026-08-03 11:10:00,SRV004,60.46787556989204,71.1084103113669,59.594741141940304,25.121428892622827,492.7586907443684,2566.1497338081635,3.3728115450891907,0,0,0,None
2026-08-03 11:15:00,SRV003,44.10977353448535,58.13062378334154,57.77856190333985,25.791342128473094,283.1611759267139,2118.6933485434834,3.860124822389643,0,0,0,None
2026-08-03 11:20:00,SRV004,50.79099329742904,65.79672739267565,65.19604302938193,24.75031490585899,556.9625869034605,2921.4672094849475,3.700691762618098,0,0,0,None
2026-08-03 11:25:00,SRV004,32.48995895827242,58.66745797726406,48.62251717231846,26.138709575413298,403.2575873179059,2592.9741074752537,4.519842431385638,1,0,0,None
2026-08-03 11:30:00,SRV005,39.618848083331436,70.61541154619644,77.74460350572001,28.596698058794743,410.93191553921395,2479.8147150331088,4.243753481853083,0,0,0,None
2026-08-03 11:35:00,SRV004,46.93282980464291,66.36774117316699,50.443168625804404,26.641524268680012,422.37846594338555,1927.9845805484174,2.7846550390829465,1,0,0,None
2026-08-03 11:40:00,SRV003,73.42631218420226,60.51710226355766,44.49868429366365,21.406880406733844,534.4540139307895,2528.0287938207757,4.0752051532543465,0,0,0,None
2026-08-03 11:45:00,SRV003,45.407449136687866,54.498278803192896,43.07578096188802,24.76163830530454,344.48178417985923,1648.0544635506376,3.692545423479579,1,0,0,None
2026-08-03 11:50:00,SRV002,64.60320488993138,67.67774197492511,34.192931161244054,22.44180194232524,249.30299952155477,2238.2577951854955,3.8222648816168396,0,0,0,None
2026-08-03 11:55:00,SRV003,46.9252569570763,52.8728120095741,73.39153470871753,27.732180677945305,452.2955292900044,2246.606032084361,3.9493658085563954,1,0,0,None
2026-08-03 12:00:00,SRV001,58.719213412778124,69.27481042120839,71.45280868922394,28.509952092162564,215.6341913826871,2629.1478368894286,4.519237403165961,0,0,0,None
2026-08-03 12:05:00,SRV005,52.879067467842965,91.264849090369,62.208941954617096,27.769644665562495,389.889640486446,3345.932511225383,4.3866757781276124,0,0,0,None
2026-08-03 12:10:00,SRV005,68.09584900139114,78.50170051262012,44.24693430669064,24.637786820101837,538.6874289858819,2757.3583595494465,3.3501543555876223,0,0,0,None
2026-08-03 12:15:00,SRV001,46.97782992672163,72.18347886894163,76.73521217870945,27.74056178739365,477.9093903508738,3151.780932686026,3.764832819386198,0,0,0,None
2026-08-03 12:20:00,SRV004,31.412076249963388,64.14392702258853,50.77937006174013,25.589657232693376,524.2356065725276,2790.3454778966097,3.530887164285673,0,0,0,None
2026-08-03 12:25:00,SRV001,34.27076452954551,45.61247372996475,51.77169002528017,23.585323650749242,482.0351365202829,3006.274070359427,2.790892418656041,0,0,0,None
2026-08-03 12:30:00,SRV004,47.02183759085864,51.77713604099816,72.24710896523291,29.22578975912679,661.0334488783408,3335.707308824398,3.7343776954393455,0,0,0,None
2026-08-03 12:35:00,SRV001,36.26410043982921,77.82792856102714,62.90692701377047,29.454083261171316,361.1760372343185,2170.673425463985,4.906852656535458,0,0,0,None
2026-08-03 12:40:00,SRV003,61.15318023519327,57.1024391987522,81.41323766505512,29.84668644325052,459.8131677008323,2141.3030046408235,2.7727739637501516,1,0,0,None
2026-08-03 12:45:00,SRV004,48.013477527128835,58.00747901835953,57.98466712382823,25.174954199902633,376.18795287873496,2800.9649052147947,3.7855629238039596,0,0,0,None
2026-08-03 12:50:00,SRV004,90.61909825039648,63.343495243159786,50.2356304050553,30.538086938079235,515.6801269914871,2498.3446956719895,3.766317112754195,1,0,0,None
2026-08-03 12:55:00,SRV003,28.93428107294302,54.37953741153446,47.65834139848245,25.519253246015797,413.8425123949504,2599.1592247631324,3.9726412830585915,0,0,0,None
2026-08-03 13:00:00,SRV005,58.05449768064702,52.732312654483636,32.83604587371248,28.96050396461554,591.8844879444046,2388.0998985516876,3.222365025563642,0,0,0,None
2026-08-03 13:05:00,SRV004,38.08070464741496,64.49525927218578,51.656850726325544,25.467262014699973,366.91840445980233,2231.683577338877,2.9449336455200275,0,0,0,None
2026-08-03 13:10:00,SRV002,47.59897989425982,56.08470545327964,68.73512006592857,26.328053508762686,560.7126525716984,3229.3441009487615,2.972841405923224,1,0,0,None
2026-08-03 13:15:00,SRV004,57.121292100108164,57.58981420221105,62.18601007187283,19.736466427832433,479.3139530543971,2005.0624987810386,4.598560254998887,1,0,0,None
2026-08-03 13:20:00,SRV004,20.119429376885698,57.18808973852994,55.24369607872487,26.094260356749253,416.75389309130196,2808.876516658695,3.2103884153828854,0,0,0,None
2026-08-03 13:25:00,SRV002,58.55239175182041,70.22360213834469,43.06078667420405,27.273269900355082,474.24423378599244,2735.9027285787024,3.5002626850080962,0,0,0,None
2026-08-03 13:30:00,SRV004,83.54361193411252,62.67874309504643,57.72247621615285,25.769851147908483,446.1264387529192,1789.4440160933902,5.062779559167784,0,0,0,None
2026-08-03 13:35:00,SRV005,48.198425524471105,63.214280321061466,67.15376446234448,32.26856420425542,455.595468025181,2126.1488515028827,3.359446605934126,0,0,0,None
2026-08-03 13:40:00,SRV005,58.897117852082644,70.96945897308883,60.168631077639816,23.51260174402417,399.3128926905609,2201.7892475725594,4.005439758770556,0,0,0,None
2026-08-03 13:45:00,SRV004,70.37382539688099,63.579603917670596,57.00082203560031,25.30925628868822,349.84114924450085,2754.062850992466,4.438287005975304,0,0,0,None
2026-08-03 13:50:00,SRV004,52.540697499595055,62.21746231542827,45.43650816062553,24.28538217004244,386.49288800374694,2334.834202331252,4.409432112187545,2,0,0,None
2026-08-03 13:55:00,SRV002,46.28559717202775,69.7045035557017,65.40618176934416,25.308669063013586,251.68550220517773,2461.4845870251374,3.0010541857737913,1,0,0,None
2026-08-03 14:00:00,SRV004,20.863953944173716,71.68197843557631,17.417142175069827,30.094239188822115,504.1948332532626,1844.0586893568725,3.3719885313791007,0,0,0,None
2026-08-03 14:05:00,SRV002,64.6148607909246,63.52926500491396,59.59414850638174,31.434095382980892,296.48360278245207,3546.6602725218913,3.9814183857511907,0,0,0,None
2026-08-03 14:10:00,SRV003,53.30247385406654,65.80607775620521,85.84386377133518,24.897622167243174,398.23529447643006,2532.0380284327734,4.957410474429976,0,0,0,None
2026-08-03 14:15:00,SRV002,39.80974222917757,57.182097702666724,36.89951935201783,24.83097737183039,484.8045041481033,2724.550403783625,3.3430936048152824,0,0,0,None
2026-08-03 14:20:00,SRV002,56.898950654165404,56.39316956835474,52.10356654358361,23.528614054218256,503.9396717099911,2256.7185301456498,3.5038322095333534,0,0,0,None
2026-08-03 14:25:00,SRV001,46.244794647907284,72.69147501966808,54.90506811850328,30.91885615955791,242.53480631627613,2206.317702819467,4.051744652840602,1,0,0,None
2026-08-03 14:30:00,SRV005,47.073608033267114,69.44942062544622,49.44900623132108,30.363013220748908,410.81519247749225,3360.708094729089,4.171794936409026,1,0,0,None
2026-08-03 14:35:00,SRV001,64.09436734163063,69.55298438416577,67.43649091070776,26.682054600033638,465.97446994488223,1637.4752768470169,4.208152402581642,0,0,0,None
2026-08-03 14:40:00,SRV001,34.92426383014234,67.80854348725522,60.66941217226361,22.81170241107936,425.20161092623266,2625.3911807938493,3.2921864810991197,0,0,0,None
2026-08-03 14:45:00,SRV005,70.70972929110638,65.46203275814953,56.827604470567834,23.080012303631243,554.4074957673545,1954.823249001448,3.4807711178393568,0,0,0,None
2026-08-03 14:50:00,SRV003,34.034707553223946,71.96411890822769,64.56727073403135,27.51188835115378,337.8193100085398,2317.749480521348,3.929300719881181,0,0,0,None
2026-08-03 14:55:00,SRV003,45.05947887467104,74.35108761022784,55.20100850886091,28.6480137553395,215.09588698098034,2212.8574895466904,4.557386787576968,1,0,0,None
2026-08-03 15:00:00,SRV004,83.84419291099866,74.11228005190648,93.15837386588217,20.801565584936554,501.0326016768521,2056.3100424613385,3.6569095507289435,0,0,0,None
2026-08-03 15:05:00,SRV002,71.91032142463634,63.992220840540135,56.81616320388089,26.036070268386354,366.29138803815124,2515.9487783678474,3.786618859949708,1,0,0,None
2026-08-03 15:10:00,SRV001,56.4640598874316,78.86992729908837,57.34338518187645,31.854887668672152,244.1459402414002,1344.3868837122704,3.184442937716354,1,0,0,None
2026-08-03 15:15:00,SRV004,40.89204676748175,67.28460681732321,34.4743834051207,26.347472380109142,404.1487609433526,2358.0301831365864,4.917936099135345,0,0,0,None
2026-08-03 15:20:00,SRV001,47.0609153995016,71.32376192565799,48.47859607235891,31.468914272371872,543.0557975931702,2459.3695110925114,3.892557768285026,0,0,0,None
2026-08-03 15:25:00,SRV003,56.09912971878545,67.8208789083488,68.76853218159772,28.947138386867053,293.67473821873017,1888.3255541172944,4.446652867734045,1,0,0,None
2026-08-03 15:30:00,SRV005,55.56284848509398,67.47006707484174,38.97451779568153,23.747161197493927,653.5995953947267,3180.9484246522225,3.81793832484056,0,0,0,None
2026-08-03 15:35:00,SRV005,53.636936055610555,57.6424800974968,29.109313908376542,26.12198611994443,336.2118405463338,2232.4937313412083,3.851160239146047,2,0,0,None
2026-08-03 15:40:00,SRV002,54.53751228873723,72.01350838344825,55.3877856542509,26.61391728436589,428.70108541257497,2393.1320908908233,2.8998146654887633,0,0,0,None
2026-08-03 15:45:00,SRV004,51.78437335442329,93.4529439490764,71.44893408969973,24.142465295719482,298.0867582152392,2233.5013762383837,2.50954287818446,1,0,0,None
2026-08-03 15:50:00,SRV004,33.370318965399804,61.25204925209917,55.50857474435351,24.090395931567176,424.1610348696014,2463.2952458062364,4.551143127101575,0,0,0,None
2026-08-03 15:55:00,SRV003,47.25233886758751,65.70994715424948,50.96650476848388,31.520305776355684,406.6252178241323,3088.664842077722,3.8468349285574517,0,0,0,None
2026-08-03 16:00:00,SRV001,68.7193608098027,60.537947356527376,32.698144747108245,24.067918140921144,271.0506097668913,3612.857111765564,3.9238568737919706,0,0,0,None
2026-08-03 16:05:00,SRV002,34.47498553673324,60.11980098438065,60.42704947242632,30.235308229226042,702.582696895091,2835.537641665296,3.0505677486797533,0,0,0,None
2026-08-03 16:10:00,SRV004,52.15666732691082,80.44449478118673,62.935301306596536,25.69054656490495,370.46628309813053,2989.597195137297,3.2581614933238257,1,0,0,None
2026-08-03 16:15:00,SRV005,42.70369106843734,58.27028982272535,33.619210010786794,26.923082010350484,370.55374426939716,3272.392366664687,4.43738120068099,2,0,0,None
2026-08-03 16:20:00,SRV001,56.67025644097167,60.25919526633639,68.61438938436663,28.68553325471572,516.9035879353654,2611.991984544906,4.844086262504861,1,0,0,None
2026-08-03 16:25:00,SRV004,49.17050228399773,49.125071762686986,64.18834631070531,25.204323981285963,601.4254883348469,3206.6128931253415,3.4272355917364687,1,0,0,None
2026-08-03 16:30:00,SRV005,77.16090497462004,57.42388275457753,68.58779131056815,28.703712940483598,532.6436868004303,2856.5805095756814,4.202889973017833,0,0,0,None
2026-08-03 16:35:00,SRV005,62.59874731285381,47.91600107046652,62.002301102000104,20.860710901354853,299.88198769734134,2564.7943116902075,3.914014959608963,0,0,0,None
2026-08-03 16:40:00,SRV003,35.32295251334183,71.31804699211929,62.84419250573582,28.31912216524391,441.3909009494663,2657.6534655031605,3.7276826359533644,1,0,0,None
2026-08-03 16:45:00,SRV001,65.06842017420547,92.99697221837309,61.24865078442087,19.594409626285092,231.86275176150053,1680.362366484479,4.911175412106991,1,0,0,None
2026-08-03 16:50:00,SRV002,43.38022215606905,61.33321206349478,65.42166785801435,26.319459819904626,510.1705081322357,2631.4536672007675,3.528079012386349,0,0,0,None
2026-08-03 16:55:00,SRV005,46.345054429337,48.332420670097626,33.174906770512976,29.562728955955475,256.4811861469538,1805.3136157991667,4.544427582210491,0,0,0,None
2026-08-03 17:00:00,SRV005,59.70728530160683,73.99999664429734,36.987286796541824,28.86688591817513,339.6798676390763,1768.6288817750014,4.028853990225229,0,0,0,None
2026-08-03 17:05:00,SRV004,47.62378870404798,57.730750410698434,46.16790519772274,23.104768563114177,419.6798495968689,2586.795410061351,3.7898664065811083,0,0,0,None
2026-08-03 17:10:00,SRV001,68.39283724484433,77.9934693055354,53.44215793992936,23.49100681171945,464.5006561141012,1998.6646321599756,4.623210303819847,0,0,0,None
2026-08-03 17:15:00,SRV001,43.38234907729907,62.17970952210055,59.657643079698154,24.933983879032095,393.9065376604681,2496.79881191348,3.9740806990538164,1,0,0,None
2026-08-03 17:20:00,SRV003,45.71580171112955,58.68184310917219,58.8961798387462,27.558647587074404,571.9083676732882,2562.295533707439,3.742143482052631,0,0,0,None
2026-08-03 17:25:00,SRV003,45.15443659677837,63.220424442543134,68.40526973747238,20.90420042986889,492.32395821922796,2582.372320367711,4.62766530378922,0,0,0,None
2026-08-03 17:30:00,SRV001,46.515418774674416,72.57776760936187,68.7819435829642,26.960329272454324,484.47247540642087,2093.145366831054,4.549557352263135,0,0,0,None
2026-08-03 17:35:00,SRV004,71.4878733332172,62.72579369244343,44.531378700474484,27.934288121400193,297.05990980153365,2904.4070721165394,4.5211779926923255,1,0,0,None
2026-08-03 17:40:00,SRV003,64.43194440415455,60.032752972062944,57.86291332060566,26.150888457387047,589.9367897545403,2459.8441435902646,1.4673173950282012,2,0,0,None
2026-08-03 17:45:00,SRV001,80.64915931018106,63.01168397021128,44.82602142733794,28.575962904159155,339.69348557214886,2698.484056077023,4.064105975443046,0,0,0,None
2026-08-03 17:50:00,SRV001,89.01466305848882,52.28144815499115,52.7410355397572,27.67117247497861,593.7542432987094,1961.6021737238516,3.9272703158419815,1,0,0,None
2026-08-03 17:55:00,SRV003,39.53924452101491,68.9703160229398,58.86149642858194,25.375037221803314,622.2195056925572,2419.752599441806,3.7790820475487084,0,0,0,None
2026-08-03 18:00:00,SRV004,56.05628690990933,47.1327340615509,14.095455082339711,21.19143191922153,471.2656532363775,2993.782517471554,4.165867780383607,0,0,0,None
2026-08-03 18:05:00,SRV005,37.356995250348504,60.55878545634485,83.93492847567622,27.40023924471247,523.2013097679421,2936.5799343139156,3.9563341235027165,1,0,0,None
2026-08-03 18:10:00,SRV003,43.335911083776,72.59385208830743,61.796904128769704,24.140773904310066,111.70802369431311,2141.218292684023,4.206684450396309,1,0,0,None
2026-08-03 18:15:00,SRV002,45.548762346164956,68.03048282932717,47.851560695039126,25.264972125415365,400.49975845096225,2254.4988142413195,3.639222915347004,0,0,0,None
2026-08-03 18:20:00,SRV005,39.14267688792589,70.9032057298639,78.12843706276274,28.43737265388926,530.216563991954,2055.0909714712816,4.698908378105895,0,0,0,None
2026-08-03 18:25:00,SRV003,39.2216909065238,64.34954327281191,50.83082595416567,31.252000150303054,512.4510268314084,2204.614186782603,4.267366515063696,1,0,0,None
2026-08-03 18:30:00,SRV002,52.835734322196174,76.69746180985517,56.59023262993669,26.88581962967397,298.02766619001227,1870.4196066820618,4.125515954308904,1,0,0,None
2026-08-03 18:35:00,SRV003,36.749223724203894,74.24699196769792,49.15461027522847,28.66219450933761,390.6277960132126,2437.8208574161868,4.096223140224118,1,0,0,None
2026-08-03 18:40:00,SRV001,67.6319043870645,69.46141004247674,74.82390204932007,22.666561976541328,166.36344947988533,2784.9122791822797,4.494368784496138,0,0,0,None
2026-08-03 18:45:00,SRV002,41.23369693873729,74.27545777313543,53.74018352432944,27.736570742985105,461.29928401727534,2146.7262112895146,4.413012672161294,1,0,0,None
2026-08-03 18:50:00,SRV003,97.14353455144588,72.50423554403577,56.79380920887411,26.820282186968512,231.66715987731763,2459.2271728024702,3.7323367678722272,1,0,0,None
2026-08-03 18:55:00,SRV005,48.229233235534075,60.6053648665311,69.44538583630535,30.687682741878547,533.0477842787571,2400.7757165658895,4.394186228493977,0,0,0,None
2026-08-03 19:00:00,SRV004,56.080264628755785,51.56101088308667,62.021673489532915,25.37862457191373,538.2724860717409,2974.8034292191987,3.9044313440252267,0,0,0,None
2026-08-03 19:05:00,SRV004,35.56988223300947,69.20362125842624,54.347823218391135,26.27508714851289,372.56331855935014,2224.7836734380103,4.950156074900197,2,0,0,None
2026-08-03 19:10:00,SRV003,80.59137637191459,70.46089230831429,68.32469166828956,30.176443401398384,472.12759304540884,2241.152751557117,4.4586366866281795,1,0,0,None
2026-08-03 19:15:00,SRV001,71.79251021204374,75.90471991138565,85.46179875313543,26.72389862281605,398.29012759394914,2119.2904922684374,3.4246344088629836,0,0,0,None
2026-08-03 19:20:00,SRV002,59.45373806104169,55.63678724954707,58.80892538559306,23.673475856138193,444.1908395014866,1988.1207159646806,5.198426413670159,0,0,0,None
2026-08-03 19:25:00,SRV005,34.797961768306514,55.93568940722837,56.4011210544708,34.654899819870366,305.274057675685,2738.1332461511365,2.5387760984061023,0,0,0,None
2026-08-03 19:30:00,SRV001,58.160003165869306,69.5990026630777,57.04752500342898,23.7642217099898,482.24926232399093,2439.2001416512844,4.1824128444014255,0,0,0,None
2026-08-03 19:35:00,SRV005,38.178534309741174,64.28833011146914,70.72515400997821,26.80589975535143,255.88147697755838,2524.664436920486,3.382251602332828,0,0,0,None
2026-08-03 19:40:00,SRV004,76.9353289521004,46.14238389428872,47.80962717960493,28.04006446807684,237.00698376706183,3073.5885202879285,4.929308176203811,0,0,0,None
2026-08-03 19:45:00,SRV002,67.13792097779759,68.7510816375419,51.66018928346007,27.802852527093343,407.8071683333008,3099.4363266675423,3.9516836391771717,0,0,0,None
2026-08-03 19:50:00,SRV004,56.43158557731604,46.47577085011045,36.5506846104803,26.430768887980804,398.87567203887204,1759.1945614743386,3.3237227209477274,1,0,0,None
2026-08-03 19:55:00,SRV005,18.454365051290168,55.54743448126624,40.79358564832032,26.445718888421077,447.23017305517504,2791.5256028930053,3.64010317266825,1,0,0,None
2026-08-03 20:00:00,SRV001,40.24876032011454,78.51681372860108,48.786399967624355,26.295204401136132,355.0492509763671,2601.5411165700352,3.371641124800645,1,0,0,None
2026-08-03 20:05:00,SRV001,65.31641697399809,83.24879017807115,54.328756071274924,23.652198424225883,608.5691665785589,2292.2840503843286,3.6165338128579525,0,0,0,None
2026-08-03 20:10:00,SRV004,73.19325537584734,52.843436315280385,76.22899990924144,33.45065764326819,436.0604989379442,2647.457659162574,3.602811430466297,1,0,0,None
2026-08-03 20:15:00,SRV005,71.63754717238197,61.70608462587306,61.43191365910269,26.34002724685987,443.28817785162255,1723.1275441506464,3.349306478779367,1,0,0,None
2026-08-03 20:20:00,SRV001,31.11980496637817,65.42622523078705,44.055057877722476,28.790792978469288,439.72338774070454,3158.1890542493798,3.962038286949574,0,0,0,None
2026-08-03 20:25:00,SRV004,59.52328460219356,82.81226927581568,46.26423417563062,25.996041426955184,520.2909868948078,2731.7248436823584,4.034734498044039,0,0,0,None
2026-08-03 20:30:00,SRV001,70.23272824724394,60.07131052175598,71.49698419876785,25.935708982933548,477.60174144844643,2110.6610148253035,3.2022161652344194,0,0,0,None
2026-08-03 20:35:00,SRV004,30.124966516266323,60.231159769667215,68.51932418355031,25.63366901199105,464.2017899708279,2236.5654001812145,2.8050387421736014,0,0,0,None
2026-08-03 20:40:00,SRV004,54.88143226940146,80.48725558462861,55.33779892269044,22.350462636032248,493.5984104865591,1733.584086003652,3.986573871289743,0,0,0,None
2026-08-03 20:45:00,SRV001,59.107635974626845,61.25210847281742,49.689682413534015,26.51813657963769,237.53853629528086,2358.719237573686,4.11915233067172,0,0,0,None
2026-08-03 20:50:00,SRV004,50.48853122729898,72.22201708966458,68.49919402845572,25.77897703704171,241.31523494142226,2282.770610241738,4.23813005717674,1,0,0,None
2026-08-03 20:55:00,SRV005,27.217572168981977,50.22857034887572,43.08007447930376,30.514573527554333,412.3941254698556,1903.7003257943084,4.130704628956477,0,0,0,None
2026-08-03 21:00:00,SRV005,50.11452834889407,63.28767255907674,59.70436477669028,23.409899647246455,400.2326117318098,2849.5160051694,4.7436300654421935,0,0,0,None
2026-08-03 21:05:00,SRV001,50.09041854617464,48.40403161673595,82.27190789071997,25.268558467335435,477.9809844048208,3074.558735362514,4.398240732158758,0,0,0,None
2026-08-03 21:10:00,SRV002,52.778913931783684,54.44566219044296,57.46426818701749,24.304678599737755,422.0016902183505,2487.687779479985,5.407896917849345,0,0,0,None
2026-08-03 21:15:00,SRV002,46.547928618623956,73.39201355152264,45.69268624886075,31.327591182035427,478.1864934454211,2362.4589027191346,5.660388318099766,0,0,0,None
2026-08-03 21:20:00,SRV003,48.35481770137799,64.50094608913287,59.92442443205845,24.391774665435985,295.4404730438714,2695.7430709593073,2.7451384474131717,1,0,0,None
2026-08-03 21:25:00,SRV001,54.40440576479533,61.80894259447025,49.35989537181583,28.68689953417841,418.92554295913055,2491.1624668772306,2.481716821258493,1,0,0,None
2026-08-03 21:30:00,SRV005,61.63681907454567,57.512503760190825,38.27060987495903,29.91048442021794,285.89432620422156,2013.019352695966,3.795565221291971,0,0,0,None
2026-08-03 21:35:00,SRV004,50.43359855714999,62.793439267587175,63.41243232246528,26.561631265753775,458.6857934371401,2206.2949060357323,4.102539457928193,0,0,0,None
2026-08-03 21:40:00,SRV005,48.85526607447997,68.01113167100694,68.41401280659667,22.869566997178595,232.17149576366793,2366.6037969633862,3.7544689945965666,0,0,0,None
2026-08-03 21:45:00,SRV001,56.385310573816874,74.82916206461762,51.269119935129126,22.907538423708928,454.83100985408794,2611.6839675145134,4.222148267634656,0,0,0,None
2026-08-03 21:50:00,SRV001,26.186261111572275,38.74853315903198,50.47317191084472,29.579292194388238,273.1000619102888,2504.201523044411,3.6378547547609745,0,0,0,None
2026-08-03 21:55:00,SRV005,62.15552690839687,56.682388257371905,43.461215306538044,23.21821794360043,381.6472206778204,2594.6662209942024,3.383629541951526,0,0,0,None
2026-08-03 22:00:00,SRV002,54.99155354315562,66.59096242189005,53.2007727943892,28.176079833179738,509.49276914492486,1813.8274075222353,3.474265484089373,0,0,0,None
2026-08-03 22:05:00,SRV004,55.59540289896343,64.01136884037714,48.251579404921706,27.34304732946179,442.73799885984175,2799.347984838218,3.6798989785614773,0,0,0,None
2026-08-03 22:10:00,SRV005,69.41101461391696,69.03376242526726,42.86760775956093,28.131397452933083,255.4339776275699,2501.5371478038305,4.306107406436089,2,0,0,None
2026-08-03 22:15:00,SRV001,25.707767049276278,67.67540286126554,77.70602596479527,28.414754423537662,352.7606155305976,3648.719074367569,3.5079555820005015,0,0,0,None
2026-08-03 22:20:00,SRV001,25.392491952115545,61.951321370065926,60.597913800994085,24.198987646746296,269.86214745231985,2325.564533420614,3.6266187782499766,0,0,0,None
2026-08-03 22:25:00,SRV001,59.107057679852794,59.73146804012823,61.868741296352226,24.073415462955776,250.52415003948065,2645.5563227992175,4.142130106426612,1,0,0,None
2026-08-03 22:30:00,SRV001,54.89324717307226,62.54498510264499,65.60079482718912,29.144781402301206,431.7663176133974,3773.148622993826,3.680722161472886,0,0,0,None
2026-08-03 22:35:00,SRV001,57.55265414787898,76.48742349822743,64.25243460111767,25.11196616830681,476.0298343560103,2587.3412332764306,4.470026330387234,1,0,0,None
2026-08-03 22:40:00,SRV005,48.068093872413314,57.679920670942856,50.04268056643942,18.749554523984557,464.060592071569,2469.5662573257923,3.248296260658963,0,0,0,None
2026-08-03 22:45:00,SRV004,64.96530511359897,64.37193276856044,58.27063147565761,28.946265893651596,480.2626814879751,2055.8851473622067,3.1181817461207078,2,0,0,None
2026-08-03 22:50:00,SRV005,68.9895826448668,66.83342213998421,51.77163418887208,23.891216135793695,418.8089149114181,3187.719865244043,3.982777420411005,0,0,0,None
2026-08-03 22:55:00,SRV005,62.25973440927291,80.60350929874458,60.26156349731992,28.40140763371576,392.6609781250032,1978.4042862205433,4.0425730773588775,0,0,0,None
2026-08-03 23:00:00,SRV005,51.08757312393125,61.996917417636865,59.10029063149797,31.178465547950907,312.69306729376854,2692.2044125816547,3.2810243035499522,0,0,0,None
2026-08-03 23:05:00,SRV002,23.384659185783956,74.58806656010961,50.408076869629575,27.050287371785842,375.9920328249501,2286.900105411228,4.606157240796455,0,0,0,None
2026-08-03 23:10:00,SRV002,66.53854312055692,77.31979403265022,39.04841532493841,29.987297494990592,287.86516146738296,2414.79868183989,4.954962085862135,0,0,0,None
2026-08-03 23:15:00,SRV005,73.32592999326388,64.36245735009352,56.75484468358609,27.461393041608606,335.4834472873081,1859.2304791254737,3.4232874722955704,0,0,0,None
2026-08-03 23:20:00,SRV002,64.6683761797597,62.89281020923237,52.54876614631241,31.76228798442344,428.8926870438042,3104.4072497802526,4.6923804036387144,2,0,0,None
2026-08-03 23:25:00,SRV001,41.8053635894874,61.70946327951784,32.3155330274949,23.81367867372868,408.2193912459078,2374.9912123367753,2.3707206967995664,0,0,0,None
2026-08-03 23:30:00,SRV004,65.10691590501636,62.44176865757418,61.09194122666461,26.97535505875053,726.4728037894777,1953.209653498135,4.445667360030814,0,0,0,None
2026-08-03 23:35:00,SRV005,67.90794561942168,73.54239860576833,66.5841053469133,29.019484815124404,285.4204402494993,3063.710768668041,3.285342337322949,0,0,0,None
2026-08-03 23:40:00,SRV005,78.38224371698628,67.31009977255513,85.34027770250741,26.428764728969863,407.4901279168218,2273.138434133213,4.385643609183283,0,0,0,None
2026-08-03 23:45:00,SRV005,41.85835113658064,67.3528970916987,50.30562996015207,30.45665698995801,277.6267888796276,2650.5732812788247,3.2232344084260003,0,0,0,None
2026-08-03 23:50:00,SRV001,51.60318123183792,53.74776489620165,48.53545724141119,25.70388138146766,381.22141240300493,2878.637371960465,3.7589074792239225,1,0,0,None
2026-08-03 23:55:00,SRV004,66.20908076715183,55.32509922624766,41.68694763472911,33.208113454886664,385.29068178848155,2713.315448758444,3.313930642074896,0,0,0,None
2026-08-04 00:00:00,SRV005,55.861151071572365,86.4344682477698,57.503702877844084,33.36659251281674,504.48800262331383,1511.514002275434,3.6716715813307514,0,0,0,None
2026-08-04 00:05:00,SRV004,38.240085969230876,63.221742747113105,57.42781816670026,27.846215988681898,375.0333460782079,2812.910515440004,4.8979544173582665,1,0,0,None
2026-08-04 00:10:00,SRV005,61.21924427540054,57.2522800442164,45.26444398255901,28.65780354106385,400.8680399943841,2454.7238068006923,3.735237322043956,0,0,0,None
2026-08-04 00:15:00,SRV005,63.6799245072275,79.31099165589298,52.90084141595392,30.575014306873914,376.96820375277804,2351.9370864385005,5.066180974355501,0,0,0,None
2026-08-04 00:20:00,SRV003,56.31944344496503,67.81808548683551,31.256011997327718,23.4384078030979,279.8948255942791,2450.91627296115,3.568512463344298,1,0,0,None
2026-08-04 00:25:00,SRV001,58.29377390769916,70.78154916864521,66.11652097399896,23.063999956266628,354.78976282068925,1775.4852427265132,4.695058822284081,0,0,0,None
2026-08-04 00:30:00,SRV003,51.11941147471405,63.619529247184666,45.751848883934,30.769256741572903,381.8063284916182,2586.476911597811,2.824584436092318,1,0,0,None
2026-08-04 00:35:00,SRV002,77.1741840357409,61.813269094231956,54.58412378304425,27.821965418618998,427.38258834063845,1886.0238818308103,3.6280945667730853,0,0,0,None
2026-08-04 00:40:00,SRV001,41.489617244309855,63.3041362750271,37.87967894442665,26.32048426206063,475.8947287224825,2371.3721306995158,3.478334008804785,1,0,0,None
2026-08-04 00:45:00,SRV001,46.19018855854332,51.172618297013734,48.01175680646112,27.033369908643483,396.5403490288971,2570.3189941921946,4.722623360478285,0,0,0,None
2026-08-04 00:50:00,SRV004,55.16478270291289,64.12072590580102,51.64490615778968,19.841875582907793,394.78237360186534,2983.3166895944264,3.9111492716216443,0,0,0,None
2026-08-04 00:55:00,SRV003,68.1843104155134,67.96033077042617,54.86450983647004,26.428313056628998,247.9186841512947,2131.1740780631285,2.5471500982115027,0,0,0,None
2026-08-04 01:00:00,SRV003,32.53940244858195,83.50463233843755,60.75679018627014,24.74085978242033,473.97345172563513,3153.214317330695,3.0139222071658622,0,0,0,None
2026-08-04 01:05:00,SRV004,35.345548753518415,65.85999065005215,72.26890100183465,29.75421490084525,350.4102112849959,2926.0839640818162,3.1924026503723595,2,0,0,None
2026-08-04 01:10:00,SRV003,24.434072383979235,41.65822957789695,63.792531313232274,29.985092335152018,494.71232382297757,2306.765615879259,4.360430176467301,2,0,0,None
2026-08-04 01:15:00,SRV004,55.49042837879906,64.06014567215378,66.54597451775494,28.730040702389733,551.6439947854196,2001.0628301188287,4.283004490193766,2,0,0,None
2026-08-04 01:20:00,SRV001,38.22541274190184,92.39504133108306,72.35324931931765,28.186375946397426,401.20849733069946,1850.2827179963106,3.619760340223328,0,0,0,None
2026-08-04 01:25:00,SRV005,49.23174834973125,73.6636623498504,61.83649457827237,22.507959753839195,317.6688719234108,2622.289233189913,3.470894123829456,1,0,0,None
2026-08-04 01:30:00,SRV003,64.92067284837562,56.89111056191411,54.55951365257206,28.771929239990623,418.33013869137017,2168.2221327066336,4.229832944510031,0,0,0,None
2026-08-04 01:35:00,SRV001,45.3768591882573,70.91106514430557,67.10934287506066,28.888193836570153,454.87019980186386,3039.710562376772,3.1222861445408236,0,0,0,None
2026-08-04 01:40:00,SRV005,58.46923034115047,57.579865751102595,67.87611143153988,30.73557796130619,388.4479998753279,2194.2142765772783,4.074601386770212,0,0,0,None
2026-08-04 01:45:00,SRV004,50.50993138372417,51.46192480453142,62.78279005559242,33.35462943729059,363.5961590620676,2094.6980589766126,4.02351079812214,0,0,0,None
2026-08-04 01:50:00,SRV001,65.08171472644655,61.516306367659276,37.54446883556676,21.922317979285175,476.3532210697414,2605.1318580599414,3.635246244159941,0,0,0,None
2026-08-04 01:55:00,SRV001,62.12692101022013,65.91526439238861,44.90247816286423,25.834569523145362,469.7578274694195,2191.2789142782594,4.038606779027429,0,0,0,None
2026-08-04 02:00:00,SRV001,44.620994557380854,46.27844497566604,51.701750751634194,24.773200088527066,385.37103596728423,2503.8474970159614,3.8612566118448104,1,0,0,None
2026-08-04 02:05:00,SRV002,52.47022369899321,53.508407094613645,64.35545224883079,27.517521565155224,254.59338347393103,2943.6951985263345,4.098451696853924,0,0,0,None
2026-08-04 02:10:00,SRV001,70.65615096580741,65.10335563182355,54.743842971153285,27.040205574654117,465.63781853794524,2552.7531992509257,2.9995386149119434,0,0,0,None
2026-08-04 02:15:00,SRV004,60.90065305381145,60.91826824011046,68.64242360140676,26.297753780759564,343.26728065586235,2554.4340073162257,4.168701188317221,0,0,0,None
2026-08-04 02:20:00,SRV003,34.045569133733025,68.94811271146091,70.78283954493138,30.082813084203522,441.4341075370309,2592.3160190087883,4.415960797701363,0,0,0,None
2026-08-04 02:25:00,SRV005,64.83427091757073,52.853316726914386,69.39004562412647,23.69575736645765,435.1157231679037,1738.1054543715732,3.992570852338667,0,0,0,None
2026-08-04 02:30:00,SRV004,38.730840663456426,72.14113748553301,69.46648677376345,23.87663559782218,231.10525729573348,2676.3269874687207,4.1607295105949,0,0,0,None
2026-08-04 02:35:00,SRV004,76.1876960494151,53.16240902939805,42.55607314409538,23.927324186705874,428.1081684411573,2571.9692095266532,3.734048409554142,1,0,0,None
2026-08-04 02:40:00,SRV003,70.36148259761538,81.4273430193763,60.79162599346931,25.919017237722038,471.45325253744556,2901.803797142539,4.334799539757825,0,0,0,None
2026-08-04 02:45:00,SRV001,59.348282138776014,47.84241715621683,47.709651508535,23.314229352264462,483.71524153104866,2772.6148605117037,3.8391482767879124,1,0,0,None
2026-08-04 02:50:00,SRV001,57.3584926515429,54.074457296165875,35.21120402368962,26.854285533602187,431.73657510963125,2409.1231157775187,3.1112352305272335,0,0,0,None
2026-08-04 02:55:00,SRV004,51.8645161595887,69.1737080303183,51.55034641532997,26.503529416107398,222.28139560504098,2964.5768011798104,4.292129692929956,0,0,0,None
2026-08-04 03:00:00,SRV001,65.17785927100041,81.64233251497637,70.89684358752702,24.64045465800276,547.7081062186637,2368.3161860742757,2.8195122514953366,0,0,0,None
2026-08-04 03:05:00,SRV001,49.438327458069075,68.15043036116171,60.52890412142156,29.621298762168585,461.10226675425804,2611.2206968349674,3.9696678465730297,0,0,0,None
2026-08-04 03:10:00,SRV002,58.53354805959841,70.62857920182391,79.21371245927071,26.82149841513979,299.6680670629523,2359.9827562842897,3.569466289971812,1,0,0,None
2026-08-04 03:15:00,SRV005,68.07901549779177,65.17536901673058,57.12676174321734,30.187942092095412,341.22369598417265,2707.7910122154453,3.531124550177173,1,0,0,None
2026-08-04 03:20:00,SRV003,46.57290184711616,54.736015458848065,84.37363304311489,26.414850446386705,443.12242092945206,2330.5795978130072,3.903193249955723,1,0,0,None
2026-08-04 03:25:00,SRV004,45.757108900139585,60.0986165176062,57.13025470620462,26.927415335305938,487.97841932982556,3241.3982240237056,3.374427085509203,0,0,0,None
2026-08-04 03:30:00,SRV003,37.084517789133116,52.88090280018723,55.26976355384484,25.311652785954866,371.2037143652298,3407.8132317515374,4.107323608476699,1,0,0,None
2026-08-04 03:35:00,SRV001,39.032908808107415,52.212900322231285,39.64731894494204,26.978860378393545,502.5525407379075,2893.2722143837022,3.834077979573201,0,0,0,None
2026-08-04 03:40:00,SRV002,27.574070328377466,69.01748919319746,68.32675288351321,29.13669391839614,240.72331708998223,3193.583492236313,3.429623629152681,1,0,0,None
2026-08-04 03:45:00,SRV001,65.94743183523295,53.768220179120384,48.97449845271425,25.765997303189106,315.75409889062126,1807.3534836134288,4.602907742027791,0,0,0,None
2026-08-04 03:50:00,SRV004,82.13371813124157,68.19554006723361,47.23542832709528,28.555235887603992,213.56359901579174,1860.3800155262525,3.9228695661796986,0,0,0,None
2026-08-04 03:55:00,SRV001,76.37993415205459,51.98177247778902,70.37476676515087,24.561759116862778,330.2594857130307,2355.297745015954,4.178480560054688,0,0,0,None
2026-08-04 04:00:00,SRV002,30.608732670602254,67.96383020116755,68.89867202555149,29.277151696566627,570.8077184544095,2518.553934366495,4.649953237696653,0,0,0,None
2026-08-04 04:05:00,SRV005,65.87282007334301,60.113174310370376,68.58461640652814,25.26028251806422,625.7802234585403,2410.80666185515,4.640107121476623,0,0,0,None
2026-08-04 04:10:00,SRV003,76.33159524885335,79.06615533650644,50.65370639134022,29.55503961968715,443.4590468230443,1761.039137665171,4.147871272313712,0,0,0,None
2026-08-04 04:15:00,SRV003,48.14785028892004,68.23718895579066,54.388289616336984,27.182929627300997,356.1570792731445,3018.216267845641,3.618405079394117,0,0,0,None
2026-08-04 04:20:00,SRV003,56.52171145975074,77.35782892994142,54.28174722764978,31.562861200173188,397.8360099149057,3469.3892050106215,2.942177727477673,0,0,0,None
2026-08-04 04:25:00,SRV004,24.881604237929945,57.44353283574807,64.39021816806877,23.53779682123737,467.33398908330224,3076.4444556276803,3.9240144202878473,0,0,0,None
2026-08-04 04:30:00,SRV002,59.00104251964962,65.56143340244168,73.64277602193076,22.571469680064396,263.70191483609176,2988.485470953912,4.456750589490431,2,0,0,None
2026-08-04 04:35:00,SRV004,39.04660405847924,55.189128418837214,59.41775866238088,25.1513482620733,362.7500824018795,2601.7538223155216,4.012588891635971,0,0,0,None
2026-08-04 04:40:00,SRV005,57.99452526867272,60.863947572555816,78.6986930242883,22.84616715589706,563.4893074450249,2120.6511831727885,1.7332495701392614,0,0,0,None
2026-08-04 04:45:00,SRV003,31.581956167166794,62.37895777255371,65.76633301639674,22.85179531671517,315.42899306716373,2532.6376236861856,4.32203729289588,0,0,0,None
2026-08-04 04:50:00,SRV003,63.142873367163936,57.741417793128605,52.18240727062698,28.864652281379627,345.0975100738457,3447.5146165786764,4.3588994928654445,0,0,0,None
2026-08-04 04:55:00,SRV001,70.36769013140035,52.84497141154305,64.94453687354769,26.987463619762025,421.31936559814403,2341.6053493718246,3.6192666837642116,0,0,0,None
2026-08-04 05:00:00,SRV002,43.252302074272485,50.864826763473474,75.47128334450528,25.560957069887223,448.3142259504709,2295.2692384792263,4.393017005152113,0,0,0,None
2026-08-04 05:05:00,SRV005,37.94616127884348,41.60251884292603,78.97946780009602,25.839112208083705,357.49959538005277,2998.2866465967613,4.176779248636025,0,0,0,None
2026-08-04 05:10:00,SRV003,22.659654361750285,54.43653536496542,69.24269613518896,25.20828700702098,427.6964383251956,3028.1587228355183,3.3886959246307824,1,0,0,None
2026-08-04 05:15:00,SRV002,51.003796988872345,71.27493896671845,55.30809344389599,31.95110750345713,480.79395337394396,2118.4441874013382,4.562780669730611,2,0,0,None
2026-08-04 05:20:00,SRV003,46.27609098577592,49.01501467986717,52.39968095132895,24.79348287707089,616.1451823763648,2382.3319240431597,3.0395138461363316,1,0,0,None
2026-08-04 05:25:00,SRV003,31.73470881477918,51.31877153746695,61.91283404273669,23.033598305750104,407.3755620565219,2274.1425268443545,3.7656531973766385,0,0,0,None
2026-08-04 05:30:00,SRV003,61.79528134468258,82.90898571232916,75.08769394325256,29.388151852458982,415.87026846594375,2531.3602205774905,3.7057986123367486,0,0,0,None
2026-08-04 05:35:00,SRV004,48.250444272030265,58.63503950151746,60.20522946657342,26.352733129956537,572.745234597951,2996.6590019281716,3.3047371086867314,1,0,0,None
2026-08-04 05:40:00,SRV002,38.863960620321514,68.21046009164836,60.45438246242573,33.11632106645366,365.08341417019045,2138.187615492359,3.9822763205893787,0,0,0,None
2026-08-04 05:45:00,SRV004,46.68141391539329,71.42317146500494,55.616774251805104,25.421383083617595,287.56469672378194,2990.3491655066214,4.586221339743835,0,0,0,None
2026-08-04 05:50:00,SRV003,71.06956808394423,71.6252612978128,51.06530724842545,29.537952539270375,445.02489756589625,2545.7430620145888,4.548645123116833,0,0,0,None
2026-08-04 05:55:00,SRV005,64.04405415632833,49.7768576939194,53.054385920272985,30.246591991797914,527.6175025087915,3546.786461341425,4.234198528845149,0,0,0,None
2026-08-04 06:00:00,SRV001,53.04960907752265,62.6894032010051,56.62511182294636,25.43599250339399,456.1047135199685,2643.473897966893,2.782446495871823,1,0,0,None
2026-08-04 06:05:00,SRV001,64.28657527697278,48.817727304816074,75.61719995487786,24.77123769627289,410.2984342452754,2456.3866436668304,2.9984286194737284,0,0,0,None
2026-08-04 06:10:00,SRV003,37.586320654198914,89.46317858910324,52.123434657630376,29.224099592792715,275.1606626865161,2758.6216272021966,3.899701471855261,0,0,0,None
2026-08-04 06:15:00,SRV003,55.48555151090546,49.051247359844,55.63134491093657,28.724675753741792,414.1630754731627,2348.2841929507554,3.779458975349875,0,0,0,None
2026-08-04 06:20:00,SRV004,57.20983495729706,54.5215978113018,44.615468075121896,22.768169697867222,543.3154926316337,1692.1270944916785,3.5011521035010107,1,0,0,None
2026-08-04 06:25:00,SRV003,47.9524523725191,54.593991451584955,63.599572797677865,23.614693091085837,296.5882918460778,2391.765471578006,4.943193918472899,0,0,0,None
2026-08-04 06:30:00,SRV005,61.53187503936127,50.0333952327712,71.40015014461939,19.390709985155986,395.52528261967285,2384.667875918849,3.8635160919026847,0,0,0,None
2026-08-04 06:35:00,SRV003,43.29349818033323,78.52593909756546,74.49397415148107,28.786160561936406,381.2515267841639,1783.4571427525848,4.125447644714491,2,0,0,None
2026-08-04 06:40:00,SRV001,62.64731061664177,89.22447901083495,57.44037429634852,26.214518420592764,350.22954293622547,2467.134164592478,4.392736328569067,0,0,0,None
2026-08-04 06:45:00,SRV001,63.27788157296938,60.24250880687383,61.892251399350826,26.513548737074153,444.7923004519006,1569.8003989257713,3.8329750698034757,0,0,0,None
2026-08-04 06:50:00,SRV005,11.242601789544004,51.7957685315559,53.157396133959544,21.92566770689444,464.33052412560073,2343.5409241800344,5.354637300747421,2,0,0,None
2026-08-04 06:55:00,SRV001,72.85458555265177,42.63074501273979,61.33622415633427,23.70569294073202,463.28269047934367,2609.6181964201023,3.2357766185385777,1,0,0,None
2026-08-04 07:00:00,SRV005,9.285511519708692,62.558912814778985,58.767581829990576,25.566123262297303,322.3190236384875,2543.6482797122044,3.4363570460635264,0,0,0,None
2026-08-04 07:05:00,SRV002,45.75926461665812,61.83634576838556,55.699172647017846,24.983023199556538,255.40163056663172,2315.018737200932,3.234304569030496,0,0,0,None
2026-08-04 07:10:00,SRV001,70.38022051386632,58.48703873639855,56.65304430732555,27.353508226552893,446.2388436530729,2461.5113191233677,4.737594971856382,0,0,0,None
2026-08-04 07:15:00,SRV002,50.24069912121339,67.21375253976228,60.42306740072379,28.750404379895443,369.4080958517348,2147.171003134976,4.2812515245311875,0,0,0,None
2026-08-04 07:20:00,SRV004,33.007210262956875,68.95173142815486,51.47017078185323,33.80883770785559,603.8312379686786,2504.8674337401408,3.473508852368844,0,0,0,None
2026-08-04 07:25:00,SRV003,38.59394407424994,68.23083257937901,52.0900384950636,26.939948909907223,608.4509696014946,2526.138882966297,3.2816741750271317,2,0,0,None
2026-08-04 07:30:00,SRV004,70.4035861948093,61.83875128031513,75.48834416405865,30.346207989290836,619.0689794396039,2094.8875099443208,4.630934300361562,0,0,0,None
2026-08-04 07:35:00,SRV004,26.177432041770427,53.98378170425738,87.52656122615659,24.510081669060675,325.9889098965287,2620.464640229094,4.0170126292033155,1,0,0,None
2026-08-04 07:40:00,SRV003,71.93486651443025,71.65833097806716,40.54759661759147,21.975161055073933,476.93690867420935,2617.653694786204,4.646250781169803,1,0,0,None
2026-08-04 07:45:00,SRV004,54.17346851436566,65.1251375942153,39.886345547487295,25.943095059869627,507.0952517251484,2425.205538888518,3.7639103895310657,0,0,0,None
2026-08-04 07:50:00,SRV005,37.1140700433635,73.8835752483465,43.5141660663022,22.206834846377276,495.8354233544402,3589.471166329068,4.10692119346016,1,0,0,None
2026-08-04 07:55:00,SRV003,46.25327391545963,72.90075549472232,53.76053901953734,27.04401950150731,384.56020558061414,2436.683925992061,3.9801365931464017,0,0,0,None
2026-08-04 08:00:00,SRV001,39.741634883475385,50.78237930952884,65.74936613244708,24.658637626474004,547.9164902965326,2374.344589582142,3.4255331993755584,0,0,0,None
2026-08-04 08:05:00,SRV003,67.99337801287793,50.65777792542397,62.09503530457926,21.137185839736244,420.0474986366523,2309.9231008565203,3.7135135047145944,2,0,0,None
2026-08-04 08:10:00,SRV005,65.98641714644258,57.44459281259471,57.06437364136562,32.20807543758053,432.81061249354394,2063.0773496156203,3.089417993420993,0,0,0,None
2026-08-04 08:15:00,SRV002,29.2125829918593,54.437345917093324,61.347226563494786,25.38731486068386,266.21665482228565,2808.6538119295315,4.096464094236346,0,0,0,None
2026-08-04 08:20:00,SRV005,48.94611822220999,72.552517759761,46.69496612045957,22.087142091167408,484.4764969572989,2191.1888643912475,4.2567492478081155,0,0,0,None
2026-08-04 08:25:00,SRV003,42.05221506483584,68.51309675987918,52.070526738968574,29.69451537152187,393.95882864275893,2244.423333851011,4.3940967200631915,0,0,0,None
2026-08-04 08:30:00,SRV004,74.40264952689056,75.99183993785311,54.75886541949044,24.814156912382145,466.47788621005253,2257.791298207631,4.199926935902603,0,0,0,None
2026-08-04 08:35:00,SRV002,34.74851322810369,68.96486817410918,35.98940393353777,30.270498101071986,443.51136998046184,2056.77541786817,3.723073918098185,0,0,0,None
2026-08-04 08:40:00,SRV005,79.0634365702752,67.0864958187337,41.06427754332885,24.799816995965852,438.0936576663771,1712.0125003548746,4.731182387046191,0,0,0,None
2026-08-04 08:45:00,SRV001,54.50057890724594,76.99729780344171,41.54120726466809,25.37730692921161,415.4286427533316,2291.677059778363,4.335385092637726,0,0,0,None
2026-08-04 08:50:00,SRV002,37.570983904298686,69.69727339735049,64.16929868420529,28.03449512843114,498.6599734660454,2893.000890720531,4.633127780994263,0,0,0,None
2026-08-04 08:55:00,SRV003,44.840887239860834,65.68100963437719,57.944259382869,28.779658142112332,400.1107463114934,2588.6409124593597,4.67077202268221,0,0,0,None
2026-08-04 09:00:00,SRV003,42.97571738847324,79.80453033930685,62.33273440088732,29.305451212021794,274.48025805470166,3202.2588715846564,3.7246402068158653,0,0,0,None
2026-08-04 09:05:00,SRV003,35.88072396976741,66.1518088315279,32.92414012237043,26.730776583812013,476.8955606373934,2837.9303372451327,4.032727674135942,0,0,0,None
2026-08-04 09:10:00,SRV001,56.422402895955635,61.95659395082078,37.19719976738076,28.58585016466375,339.09944750883614,2735.78416462332,4.264739110098486,0,0,0,None
2026-08-04 09:15:00,SRV002,36.58126673962235,56.621767412223505,62.958585283077944,29.23688582077026,287.573815731786,3347.1920601937218,3.110514927479345,0,0,0,None
2026-08-04 09:20:00,SRV001,22.294506868927172,72.0302545904541,21.65596430000739,27.60170741570055,317.77566658574017,2456.284482248555,3.12381609657272,0,0,0,None
2026-08-04 09:25:00,SRV003,49.3048529372774,77.37050541842468,69.69555229119766,26.57202566020711,448.33323793569207,2528.3840530772286,3.020413012402954,0,0,0,None
2026-08-04 09:30:00,SRV002,27.95715705373176,64.4941259856657,33.12019427772652,22.66411515530661,410.348119690515,2494.841010252938,3.735139946888066,0,0,0,None
2026-08-04 09:35:00,SRV003,43.71758697898719,78.07915623779839,65.12013870309974,28.797522470339967,206.73169703271526,3194.7040290325976,3.600009764473041,0,0,0,None
2026-08-04 09:40:00,SRV003,41.36345667094966,45.29984968028424,44.33698450291645,27.126521097423453,381.63440569473306,2501.131892406591,2.938597623022857,0,0,0,None
2026-08-04 09:45:00,SRV004,41.93175891961279,64.44546625192085,67.58684458205899,25.759152442947876,536.9231224974765,2208.275181665303,3.8896149366192065,0,0,0,None
2026-08-04 09:50:00,SRV003,85.01444652385231,64.59905087895564,93.49793096699794,30.83329909077498,374.87043290666213,2764.453992083283,3.7426286499700443,0,0,0,None
2026-08-04 09:55:00,SRV004,55.84617350754356,57.73005627592653,27.721868438546494,22.716499101260055,403.45234465724076,2132.6830850243373,4.509344102046196,0,0,0,None
2026-08-04 10:00:00,SRV003,58.680565134929985,88.83861037981873,63.34452577432778,31.932108946094658,524.2991437327153,2740.0621806762665,5.007787447479474,0,0,0,None
2026-08-04 10:05:00,SRV004,28.35402555486558,64.33807367311239,33.30204743687513,26.9331801640966,499.5489258204536,2686.2284203638255,4.073870204248539,1,0,0,None
2026-08-04 10:10:00,SRV004,45.19055299544617,60.92269228395567,60.12122706661005,27.952554535508696,522.1751087651711,2414.7687994870766,3.382021687180259,1,0,0,None
2026-08-04 10:15:00,SRV002,58.22953944912268,65.25962113433505,52.51873403737727,25.814867656409188,142.74463899462972,2754.615207439072,4.188034626408241,2,0,0,None
2026-08-04 10:20:00,SRV002,39.63206630630491,44.9718626147417,56.55738786954212,21.998781262430008,593.3523038442111,1830.4945313612416,3.805581753992284,0,0,0,None
2026-08-04 10:25:00,SRV004,68.62094265276978,57.40132074655085,44.05976468406116,26.58117030460266,483.6400435427929,2573.332954596244,3.655924847731101,0,0,0,None
2026-08-04 10:30:00,SRV002,36.95955121148455,74.83239969445404,64.366493313958,28.004234720678376,666.147641402415,2291.7555768999705,3.2830393272921126,0,0,0,None
2026-08-04 10:35:00,SRV003,50.70450796202236,58.710546450672254,37.61970594435543,29.02867633920778,341.7673969225716,3788.0186097780343,3.5214679764667958,0,0,0,None
2026-08-04 10:40:00,SRV001,46.20922540036662,56.711248371997286,69.89964715478489,26.405900404683297,243.65493943510896,2570.1212813380935,3.6933253932357033,1,0,0,None
2026-08-04 10:45:00,SRV003,57.46480989072874,78.095256365144,50.08899632067781,20.422380476386746,420.72184567251765,2231.6235775974533,4.282457835299269,2,0,0,None
2026-08-04 10:50:00,SRV003,45.39264892216861,78.4025440095183,38.16771187116292,22.37501596625212,392.4627670242839,1879.7642187761132,4.10661534824472,1,0,0,None
2026-08-04 10:55:00,SRV004,50.93659559393594,70.16990472161142,74.13924188008838,33.15605887128988,485.36639836148214,3087.4327885574194,4.895345685757097,1,0,0,None
2026-08-04 11:00:00,SRV003,51.458048623330214,60.448826659613324,54.19188816629016,23.722392048683652,527.4928344586356,2342.4852762143,4.204602844307883,0,0,0,None
2026-08-04 11:05:00,SRV002,43.984183639130485,62.60528934883676,77.89163164530432,31.281148374717624,411.2705855120503,2143.8915698160613,4.054576954737416,0,0,0,None
2026-08-04 11:10:00,SRV005,62.27640802745669,56.958500384250414,69.65627355176011,24.197739787747214,395.92919541872743,2651.3346463040766,3.616261780716455,0,0,0,None
2026-08-04 11:15:00,SRV003,58.57582562256138,55.05226880971355,45.422251542562776,26.452632270816398,472.2719819516127,2792.3734741325443,3.1775222108919734,1,0,0,None
2026-08-04 11:20:00,SRV005,95.24798192072636,54.555835116915674,53.980122388759014,38.174771741816684,394.36713343075024,2785.278819944288,5.272869903598727,4,1,1,Thermal Stress
2026-08-04 11:25:00,SRV004,90.63658810754082,58.819455932147925,56.45245527596289,34.91236279891686,386.00178991032124,2508.8876903767127,5.796632454940907,2,1,1,Thermal Stress
2026-08-04 11:30:00,SRV003,96.1431683835092,54.65279009315255,73.31563839983727,36.113168658293404,523.7134938675285,2571.635561599024,5.781071097105507,8,1,1,Thermal Stress
2026-08-04 11:35:00,SRV005,92.3471741142272,49.36294881456851,60.25021256040538,35.71357372138226,545.9777856903572,2604.416684056316,5.672603424295765,3,1,1,Thermal Stress
2026-08-04 11:40:00,SRV001,93.11297925764502,67.19402669753906,57.11551145315751,35.67558562457295,528.3966243863093,2651.378319532993,5.4825450381978476,6,1,1,Thermal Stress
2026-08-04 11:45:00,SRV005,94.68087064340718,67.34595580893438,52.60144495482031,35.54574324368524,403.17702872744746,2691.198338155667,5.542870539910693,4,1,1,Thermal Stress
2026-08-04 11:50:00,SRV005,93.84918834399217,82.00792758428317,54.39331556974433,35.2282899990015,206.0211012246817,2992.5037380874955,5.502334052850792,8,1,1,Thermal Stress
2026-08-04 11:55:00,SRV003,94.97386088218668,58.31661631645297,70.6551050281399,37.18834220480812,405.17939136071516,2525.3866879116326,5.075916759446939,5,1,1,Thermal Stress
2026-08-04 12:00:00,SRV004,94.28365583691281,67.9610058962327,55.04446420956969,34.795297205417114,344.2019987322951,2132.438530376337,5.618375975076884,4,1,1,Thermal Stress
2026-08-04 12:05:00,SRV003,93.42133542587676,68.12712579274802,50.260032744421906,36.98356389868382,407.0274980989412,2435.0687336031847,5.75673645836285,4,1,1,Thermal Stress
2026-08-04 12:10:00,SRV002,97.05751633875256,62.46162438874467,48.225914012635755,36.64853773472098,352.89091072823913,2839.2013684307485,5.620282639633461,7,1,1,Thermal Stress
2026-08-04 12:15:00,SRV004,95.41613106402028,72.44333588749676,48.35481815396606,35.61910886832065,417.9260144534398,1696.0624187268195,6.130744751605761,8,1,1,Thermal Stress
2026-08-04 12:20:00,SRV002,94.60423465027124,72.75229186850714,38.17484804748682,36.53260728379385,316.0724370768436,1698.6615120826175,5.298631356551006,4,1,1,Thermal Stress
2026-08-04 12:25:00,SRV002,95.38503968171874,68.2741109519754,45.99549630008225,35.84210098230343,291.9282563281621,2913.224254626546,5.401668884931883,6,1,1,Thermal Stress
2026-08-04 12:30:00,SRV003,92.589341014585,62.443602949522045,72.98104330780387,34.89899366149065,542.2691482570892,3184.0552675830977,5.639905698705101,4,1,1,Thermal Stress
2026-08-04 12:35:00,SRV005,55.46570800732832,61.42469891445465,52.52080887319004,27.022097813551117,323.03423866323465,1930.659984241237,3.955177794138601,3,0,1,None
2026-08-04 12:40:00,SRV002,51.219057768949654,51.32246101202941,63.45294002267318,24.440423471169463,420.03316252563536,2545.206671874803,2.9490139431238602,0,0,1,None
2026-08-04 12:45:00,SRV003,43.21035088102967,56.94082221382308,25.254921785189985,28.07400730258238,515.4514846602835,2320.204699187343,5.220577507510322,1,0,1,None
2026-08-04 12:50:00,SRV001,50.651865767876956,58.77992476098312,61.81973570759055,27.438868638325552,511.43041262295725,2382.6264494912693,3.0477148902529203,0,0,1,None
2026-08-04 12:55:00,SRV001,57.975717409396594,53.76028237570566,53.063767547570635,26.78223915807835,499.4848204915351,2637.488953940387,3.654245251032071,0,0,1,None
2026-08-04 13:00:00,SRV001,43.491743972040396,69.39923966687664,49.222719725313894,26.794267592823946,450.2866514501535,1918.2083969451628,3.1775683996086777,0,0,1,None
2026-08-04 13:05:00,SRV001,42.90577268972974,76.9662786898701,57.17151948905358,26.72996922322914,492.400330853685,2001.7521247784193,3.178398791051839,0,0,1,None
2026-08-04 13:10:00,SRV005,34.59634843611738,55.9193756767085,49.050096954255665,25.896901136261018,557.3088132606155,2364.4369721854487,3.528709330558906,1,0,1,None
2026-08-04 13:15:00,SRV005,60.860875391333444,67.83441435744638,29.51350096133973,27.419502285044945,462.50225939953737,2434.5809809476277,4.181690095907646,0,0,1,None
2026-08-04 13:20:00,SRV005,63.17984892950591,54.658888604702895,66.06697529406324,25.06825736290866,236.27976531858164,1993.3202024421228,4.574318867131761,0,0,1,None
2026-08-04 13:25:00,SRV001,58.47490666354776,61.950778290608376,57.916210736178314,34.97042847441,367.1466793849903,2855.3414536551327,3.568299096780524,0,0,1,None
2026-08-04 13:30:00,SRV001,69.47755739092999,58.09670420822224,51.232690543025775,22.772000263604053,489.63700717220877,2312.097562100035,3.1939138674890453,0,0,1,None
2026-08-04 13:35:00,SRV002,56.31801455621091,71.01895648606441,43.40577553513075,25.245791768296623,357.2904066290596,2310.18207726992,4.087183589995885,0,0,1,None
2026-08-04 13:40:00,SRV003,60.88016406048635,58.21211826157822,37.36170980671438,25.482773686269176,582.0106139458644,2627.1964556034554,4.1047781473575125,1,0,1,None
2026-08-04 13:45:00,SRV002,59.55756138456344,75.11660413706647,57.68671248481669,33.12148024297361,413.68201718335683,2441.991275769625,3.94422580133207,0,0,1,None
2026-08-04 13:50:00,SRV003,53.62689970872688,62.54279226337801,74.3612915227043,23.0395960500675,428.5248771359436,2876.8645658076157,3.965443887744039,0,0,1,None
2026-08-04 13:55:00,SRV001,47.03767257805529,58.50396290405169,57.43799772089246,28.27776689395833,532.4744198901735,2079.9598579897,3.7324601321937907,0,0,1,None
2026-08-04 14:00:00,SRV004,88.21228923687866,52.46694737654837,38.40686072688609,27.74518219513962,401.7150102690707,1871.1760313214368,3.8588905127335287,0,0,1,None
2026-08-04 14:05:00,SRV002,48.22073530219737,67.5320451029535,57.70140072446083,28.000806914023645,437.62770357281863,2360.5955962906264,3.6910093228258574,1,0,1,None
2026-08-04 14:10:00,SRV001,45.011834333193455,73.9521840222618,54.359884453039264,30.709029487832822,509.91234839991125,2527.1062778207556,4.442146236222273,0,0,1,None
2026-08-04 14:15:00,SRV004,61.510147351751606,67.73321256536875,65.36852351289076,30.647488079241263,272.7729384166314,1941.6598251561159,5.137075700423527,0,0,1,None
2026-08-04 14:20:00,SRV005,58.77781622942508,87.38831666414424,62.28079812894072,25.64712952043965,391.47018376124504,1875.5108972348835,3.9077918910243152,0,0,1,None
2026-08-04 14:25:00,SRV001,33.92812678584509,79.29787452470418,19.170129590680915,27.582052348481973,502.91532953791204,2582.0340020520935,3.7960566512171834,0,0,1,None
2026-08-04 14:30:00,SRV003,71.84017381845608,61.924722352829846,61.542906453141484,21.407693903543567,426.5600148342594,2158.998744708267,3.9535168194140407,0,0,1,None
2026-08-04 14:35:00,SRV005,53.5870813697375,61.819725661929304,42.958247085950994,27.297279025565786,566.733381207748,1846.369727346886,3.4052469194100246,0,0,1,None
2026-08-04 14:40:00,SRV004,38.33603357176419,69.69696719485353,37.93925510261561,24.61803171650424,262.4076641813082,2934.403581541328,4.258987022662892,0,0,1,None
2026-08-04 14:45:00,SRV005,72.83176171530812,56.61980819574315,52.73831907551723,26.44085272211845,250.9998232053867,2215.6923971828082,4.064705845448677,1,0,1,None
2026-08-04 14:50:00,SRV003,64.38513357394231,76.66288306532486,59.93165330836014,21.943884405549916,496.9686516622718,3017.415221739411,3.5477178751743854,1,0,1,None
2026-08-04 14:55:00,SRV002,36.03187012078129,68.61600521843583,35.311184676558106,28.214616860157225,506.58072149327745,2512.811855999242,4.341240091425487,0,0,1,None
2026-08-04 15:00:00,SRV004,81.65774260386587,67.56458910858532,63.454917004690614,21.910293913273176,400.67499931681664,2632.6414879248864,3.811393861007232,0,0,1,None
2026-08-04 15:05:00,SRV001,64.88196052549289,71.86953667770817,64.1600661703792,27.44485382037476,460.03944000457244,2404.8251142564163,3.2179660169153745,0,0,1,None
2026-08-04 15:10:00,SRV002,54.847058265624305,82.22829883369059,55.56371435559397,23.320483220932353,494.5206977631407,1305.1769899544365,4.010962667253776,3,0,1,None
2026-08-04 15:15:00,SRV004,78.8532820843267,66.70955352187505,44.588516437275416,24.451076894592347,338.61367941482536,1988.4460790258331,3.9421955020395956,1,0,1,None
2026-08-04 15:20:00,SRV004,57.38946675744461,63.86959629128616,43.2474639497285,30.46419630763549,349.31516249507007,2443.430743126574,4.376250887666375,1,0,1,None
2026-08-04 15:25:00,SRV001,54.57875387343952,80.08719623322578,67.31118557896272,28.763753837740865,438.97261791986364,2664.128111781717,4.298928170044909,1,0,1,None
2026-08-04 15:30:00,SRV003,45.095498259670165,74.67550415991136,36.86532776204914,30.44760941301163,510.408895989372,1694.6466899253455,3.7344642016227425,0,0,1,None
2026-08-04 15:35:00,SRV002,63.72775658960618,61.790201596162774,67.77364552983013,31.67918139750387,303.40430736420154,2475.8792314627926,3.5167478381518817,2,0,1,None
2026-08-04 15:40:00,SRV003,62.1490445098597,65.0518644865902,53.01761009043476,24.681483878580707,400.2052368064981,1994.9811607536858,3.8010462500346796,0,0,1,None
2026-08-04 15:45:00,SRV005,55.220202098345666,66.95380915938799,53.84998600428572,31.496914987322615,395.5763368295561,2605.5790742903446,4.017985327801194,0,0,1,None
2026-08-04 15:50:00,SRV001,43.150204691985955,68.61812944604983,34.5029475350401,22.603483031463295,461.79591050427643,2491.269646435079,4.090252626659029,1,0,1,None
2026-08-04 15:55:00,SRV005,56.948947812491106,51.434001490608864,53.23940043845696,29.23830100363471,419.1301629991166,2834.575721093308,3.9808473248816707,1,0,1,None
2026-08-04 16:00:00,SRV003,53.95301821356793,49.575153921984395,62.36302619213651,25.519986856200084,365.41164161971403,2980.0703185843836,3.7455428339169385,0,0,1,None
2026-08-04 16:05:00,SRV004,34.99788521898698,56.12609977997546,38.963078945776225,24.20909957208205,544.8565780757406,2706.545454673313,4.398090212013934,1,0,1,None
2026-08-04 16:10:00,SRV003,32.92281473013722,55.35261556988658,60.98363040702215,28.84340960191333,366.074251837918,2887.1771150367586,3.395418863544034,2,0,1,None
2026-08-04 16:15:00,SRV002,63.47730068214654,58.561759860274975,56.06814704414827,29.834854575507638,390.7903636978546,2342.345885834273,5.287642071292893,0,0,1,None
2026-08-04 16:20:00,SRV004,15.971675274224665,71.34710642090005,47.274932634012316,29.745805159939636,260.85023640803763,3770.4028350702156,4.257842228092255,0,0,1,None
2026-08-04 16:25:00,SRV004,58.0811579044189,63.31070843675262,65.25607703789565,27.644579666684375,348.6374123154105,1951.5314065773036,3.1235087580979934,0,0,1,None
2026-08-04 16:30:00,SRV001,47.828754133692634,66.96394605010188,28.572918772257324,27.395871903987718,471.607607633905,2262.5098999408056,3.911137598561849,1,0,1,None
2026-08-04 16:35:00,SRV004,74.62369910319865,52.75696589957738,59.16016898492451,28.58059975709971,452.06019563548597,2905.6113622361017,4.263610110819279,0,0,1,None
2026-08-04 16:40:00,SRV004,47.597976862691866,60.38357797079055,74.4332218968795,27.911292226551573,479.9516990065762,2838.7245871874466,3.5903785366881737,0,0,1,None
2026-08-04 16:45:00,SRV002,64.89226321377843,70.8725766174484,72.27931766920794,28.62406751875794,475.09822859456705,2719.325058614057,2.9029135714539755,0,0,1,None
2026-08-04 16:50:00,SRV005,49.046292381433126,70.94952458176802,59.67768064646227,27.611998383332143,628.7714036295154,2803.8933960968984,3.1765616350406627,1,0,1,None
2026-08-04 16:55:00,SRV004,56.706222302292154,57.75426171812092,51.37983068642985,29.52835147351909,345.214117255309,1562.3992804272816,4.125255766607331,0,0,1,None
2026-08-04 17:00:00,SRV002,66.05254796380076,66.61662386379554,47.37036932142843,22.118376580348716,258.05762565652117,3215.1844125420253,2.7472301164589767,0,0,1,None
2026-08-04 17:05:00,SRV001,48.0616642551313,86.98847853482332,51.36489047313229,26.606179574740842,314.9447003928476,2408.2490685100233,2.9303932568923865,0,0,1,None
2026-08-04 17:10:00,SRV004,69.94832326747606,64.82402070744362,61.52568697501487,22.84846051846324,349.63481641684086,3060.6523820218836,4.122100848160356,0,0,1,None
2026-08-04 17:15:00,SRV002,40.09453184340275,58.068130538575545,45.313074334487006,27.830106052814653,322.5673063383089,1584.9130394644199,3.666470469891902,1,0,1,None
2026-08-04 17:20:00,SRV004,59.41889263837569,63.2623761063784,64.08908581660457,31.92579052756109,429.36608476448544,2615.455826566536,3.3825317662371215,0,0,1,None
2026-08-04 17:25:00,SRV003,68.8395958418178,65.92177107526832,80.5979262160399,25.577745654159095,545.2654905557022,2246.423974384818,3.50316071160648,0,0,1,None
2026-08-04 17:30:00,SRV003,64.90056237685502,63.488316193094505,54.25740117847126,27.381756090891646,573.9659072969914,2757.4540682115867,2.917511712293408,1,0,1,None
2026-08-04 17:35:00,SRV001,83.74667315103116,64.68645299323498,38.867262360600336,29.269460144764917,470.4308501846604,2642.6817036109805,4.0906720582729665,0,0,1,None
2026-08-04 17:40:00,SRV004,43.54841024034009,50.5655320306316,38.863063044203045,20.796831204700425,634.1272215454015,2664.72150887463,3.3160738669895324,1,0,1,None
2026-08-04 17:45:00,SRV001,34.31276122977118,55.37369524914049,64.3187866205389,25.433668553567436,384.3626943433581,2023.4762402958288,3.4785486892496773,1,0,1,None
2026-08-04 17:50:00,SRV003,40.08497337257321,63.50664762928503,54.28304585247468,28.09354697781855,256.7480957997574,2474.363895631625,4.008071081952306,1,0,1,None
2026-08-04 17:55:00,SRV005,64.90663849822656,63.34732029977563,65.52197075276864,18.309015823028176,525.3178067888169,2418.9248284317964,3.64602347872747,0,0,1,None
2026-08-04 18:00:00,SRV005,62.46884401404068,59.3381072514,48.596389010087805,24.069574520775085,236.14056082509373,2722.8895187683447,3.377208014219398,1,0,1,None
2026-08-04 18:05:00,SRV005,56.53384989471124,63.22986413923563,64.96748257047798,30.302573920143868,344.4996977300196,2945.1836479450603,2.6063369451656424,0,0,1,None
2026-08-04 18:10:00,SRV005,38.15564426339305,65.61014855414206,53.1004099186033,30.008990701352175,472.01122324227964,2567.7141649038767,4.020455507520689,0,0,1,None
2026-08-04 18:15:00,SRV003,66.5030093999359,73.89413456524525,46.20995133611261,28.1229546821103,409.7618519951219,1925.7224702251306,3.8473957805650407,0,0,1,None
2026-08-04 18:20:00,SRV002,36.6294283352419,64.00788264773949,50.188018254371386,29.646592919829533,400.90472371284943,2548.4104643050455,3.489567525389976,0,0,1,None
2026-08-04 18:25:00,SRV005,72.3842437356535,68.99103205298253,40.63534773492116,27.64531270326439,301.9209967179994,3674.984302784168,3.177560536719892,1,0,1,None
2026-08-04 18:30:00,SRV005,97.86157634709798,59.58399698566079,78.87231470297934,28.666184722326943,418.9197610566663,3240.7023971445037,3.8076574871921145,0,0,1,None
2026-08-04 18:35:00,SRV005,60.49676719857326,70.72095723598483,53.84341823729815,26.053038873478158,520.3662488737792,1161.5201967590353,4.088283056315461,1,0,1,None
2026-08-04 18:40:00,SRV004,63.74662203486615,68.75730297612357,62.734169064186354,27.34743804876628,421.9967916536019,2528.5044191626803,3.8586553287945824,0,0,1,None
2026-08-04 18:45:00,SRV001,47.60710346656661,73.65817003179819,48.55757040555041,25.102888840752534,336.9774120358939,2919.4537863649048,4.782839312295291,0,0,1,None
2026-08-04 18:50:00,SRV003,27.846800183697756,72.13460462444488,42.37686613624212,30.79045003254694,295.24615394026694,2417.952844344409,4.222864701563017,0,0,1,None
2026-08-04 18:55:00,SRV003,45.95920955454666,70.88735622881146,52.193433868984776,31.564678228506605,339.04054170444215,2292.9590859352525,3.7356301461955748,0,0,1,None
2026-08-04 19:00:00,SRV005,38.606571383518755,64.01582591342219,68.21431040055037,31.13973840209122,459.23337524143585,2379.86610321243,4.242967253657938,0,0,1,None
2026-08-04 19:05:00,SRV002,33.294931353774764,67.44939227044468,48.7512185032206,25.775673714966413,454.360226235971,2748.4852684455936,3.829197367034647,0,0,1,None
2026-08-04 19:10:00,SRV002,80.83539912993474,75.63508928451526,44.55361632724701,24.138677881904737,339.9492899404331,1983.1885115312461,3.827115652713592,0,0,1,None
2026-08-04 19:15:00,SRV001,59.0929377703866,58.479254305972056,56.86557093242972,30.83092098225049,198.9240578017942,3034.909893224217,4.577818278386613,0,0,1,None
2026-08-04 19:20:00,SRV005,60.695313709209756,58.71592221303135,60.98827120861293,28.63172160777424,462.0012763672165,2474.803153735869,3.2611652731156884,0,0,1,None
2026-08-04 19:25:00,SRV004,50.36466452205626,66.81431397950362,74.7141780262382,27.985753024570926,330.2292601024749,2079.239076649803,3.8139857888329747,0,0,1,None
2026-08-04 19:30:00,SRV001,52.406933763348455,69.15279690265453,59.245005740469935,25.099103745164562,488.90624790152833,3005.957572629413,4.513826001589763,0,0,1,None
2026-08-04 19:35:00,SRV003,69.46826023359,56.75893500735995,62.72791214237482,28.276991437910294,344.389035787225,1804.6910926997614,3.9853943349049343,1,0,1,None
2026-08-04 19:40:00,SRV003,54.51494321957177,64.25237436586691,63.631302843043855,23.744165821014196,321.20995463301915,2250.1554563492873,3.5785682087787327,0,0,1,None
2026-08-04 19:45:00,SRV003,62.96040907037099,64.06001225771215,41.16381541680843,28.902187068237097,435.3171907259584,2242.746220621676,2.776304140775498,1,0,1,None
2026-08-04 19:50:00,SRV005,52.059935532324765,42.847198843965295,43.44001515436547,31.13666009881863,655.7699230026369,3464.773872206259,2.4377918346837744,0,0,1,None
2026-08-04 19:55:00,SRV001,49.86770663901929,62.804060107412404,41.9932445247322,31.893136631723856,494.9029991116573,2191.7406541122505,5.045708713856449,0,0,1,None
2026-08-04 20:00:00,SRV002,33.89628751597207,63.426821671515334,39.01425093170025,29.125572162329448,433.62192992058516,1530.2656507749527,3.9851070927504866,0,0,1,None
2026-08-04 20:05:00,SRV001,25.333764064493078,63.39707057176981,64.54551849844484,22.853935351136634,455.8851536380968,2238.1831981243863,3.4495561165482425,0,0,1,None
2026-08-04 20:10:00,SRV002,51.07657148400397,79.15914274577268,58.480601099965064,27.591990392838063,244.88841385144028,2704.99765633215,4.009674133477905,1,0,1,None
2026-08-04 20:15:00,SRV005,55.84745037989849,52.84201701491125,55.9539527570974,33.41904523217314,307.7659629247444,2852.838045962622,3.2313955170179898,2,0,1,None
2026-08-04 20:20:00,SRV005,35.70804944936813,56.753774287953874,23.887401815172776,24.394165228673145,168.9071134952861,3524.442862049247,3.60127923356224,0,0,1,None
2026-08-04 20:25:00,SRV001,54.48287702448051,38.87804201680666,79.66572230342342,26.82245528126935,592.9873894576623,3133.1039069436465,3.235435764204221,0,0,1,None
2026-08-04 20:30:00,SRV004,55.80628844485753,60.19083333825859,44.268735950157335,31.240573055402933,572.7386029155748,2584.5651672618183,2.9520358492612973,0,0,1,None
2026-08-04 20:35:00,SRV002,22.659879909109314,61.04356445873999,79.62175307126749,28.851401766220757,459.281852621491,2098.86303959135,2.5370090324972465,1,0,1,None
2026-08-04 20:40:00,SRV001,41.27313010780748,59.90022823665744,37.609102232184206,34.44046897345531,433.5115103084205,3230.8123441063112,2.8414055646626992,0,0,1,None
2026-08-04 20:45:00,SRV002,61.10895840603203,76.0767733948376,45.25118609732156,24.801391850314236,264.84099975024196,2334.1464023531958,4.412772658362476,0,0,1,None
2026-08-04 20:50:00,SRV001,60.805880940936156,73.60617522336963,28.565807409884442,24.030732642777533,398.0700039749309,2203.829243703428,3.2078708232739808,1,0,1,None
2026-08-04 20:55:00,SRV003,37.69487625400359,65.77856724267303,59.34549971131237,30.672376307505523,599.2391878403893,2312.3167890306686,4.120935267081728,1,0,1,None
2026-08-04 21:00:00,SRV005,57.376720757496024,61.29386946460138,41.78491815026521,23.41236411518539,433.1415998195714,1936.4702924964358,4.373988433907128,0,0,1,None
2026-08-04 21:05:00,SRV003,70.33610838040708,75.26189668106863,42.123998150819745,26.40969603354739,363.5353533788104,2290.740958973061,3.8099478111244744,0,0,1,None
2026-08-04 21:10:00,SRV004,66.65609438486348,64.80242140164148,38.529829393907235,26.80306036542127,244.19293399963865,2395.101251509713,3.6208596726073576,1,0,1,None
2026-08-04 21:15:00,SRV003,53.57071319479098,56.817299610815425,64.32826075285436,30.107968420157768,558.0305727730805,2828.795472615453,3.879813752316598,0,0,1,None
2026-08-04 21:20:00,SRV001,47.980355300135614,47.83751322515448,63.53756381881057,28.84280390407574,412.9916198972344,2325.3602492045416,3.5500277800855313,0,0,1,None
2026-08-04 21:25:00,SRV001,45.559832734982436,60.586855061043174,76.74440669294543,28.371194742530587,244.3266146637171,1929.643341172668,4.522345557233978,0,0,1,None
2026-08-04 21:30:00,SRV002,62.017296743644856,72.54643617172609,46.77152054712432,25.792707366294998,327.5734317928458,1778.302530134485,4.925920324486695,0,0,1,None
2026-08-04 21:35:00,SRV002,57.92655959714332,87.7653868954309,57.6258324525616,30.64501205724583,292.246198264187,2594.306386385402,4.669887098222573,0,0,1,None
2026-08-04 21:40:00,SRV005,64.441060091533,65.61610346189475,39.52797763117658,39.077472128181796,406.8256474288028,2532.6816340611513,2.509062059135859,0,0,1,None
2026-08-04 21:45:00,SRV005,56.97810719681728,57.346444848796956,50.97953172717618,29.073846296768746,440.73389696128186,2250.5592799540746,3.5377839446839316,1,0,1,None
2026-08-04 21:50:00,SRV005,67.28145925521163,53.15034791715786,48.77385624062587,27.299016622640508,369.67829357214754,2289.644592778568,3.8024954832686935,1,0,1,None
2026-08-04 21:55:00,SRV004,56.418887994365505,70.51954896305598,60.57339948994505,23.106411087023517,497.70465964868816,2674.8191197596266,4.077834776253526,2,0,1,None
2026-08-04 22:00:00,SRV003,66.7703307419753,47.35383947615732,67.2042616770183,25.08755565204854,427.88022404724416,3125.7458141602065,2.763611277378771,0,0,1,None
2026-08-04 22:05:00,SRV004,68.06234155549959,70.50345101404888,66.892800289978,26.358869298158087,526.231238527213,2148.9349371352055,2.7539338037786205,0,0,1,None
2026-08-04 22:10:00,SRV003,42.932100546627794,73.17711606262912,44.88625273338867,25.3961992791986,384.2805921919281,2540.0062762969446,4.584073849775235,1,0,1,None
2026-08-04 22:15:00,SRV004,27.87783929693881,69.36279453232864,66.981614855476,26.951766496419456,724.5325592011145,2931.221681802396,3.4645284088341324,0,0,1,None
2026-08-04 22:20:00,SRV004,78.1523928402183,62.803383280614426,54.47097835470643,32.334048230421864,363.55112765260424,2150.7485694112374,2.9075561969280606,0,0,1,None
2026-08-04 22:25:00,SRV004,58.849880960683926,70.64940653546815,51.10483724923582,30.741500752107704,329.6670008244128,2492.9655484465125,3.1378155153662233,0,0,1,None
2026-08-04 22:30:00,SRV004,29.282711567558177,66.709383711283,46.49786215817298,26.52350185059524,317.36994499042424,2482.90197861055,4.034284785987329,0,0,1,None
2026-08-04 22:35:00,SRV001,44.29270754171934,57.218761581394084,48.28077046766138,23.375160166002416,398.9059273445695,1909.9171442304164,3.306471388121902,1,0,1,None
2026-08-04 22:40:00,SRV004,66.57811438554742,83.50412322375026,75.9077661543548,31.01210292870724,248.04639091342162,2575.8244576445304,3.9449753853104297,1,0,1,None
2026-08-04 22:45:00,SRV002,50.80484753300661,61.48320620389484,58.68892919792828,26.852837179615907,449.45628438278106,2514.195105371994,3.2127635823520975,1,0,1,None
2026-08-04 22:50:00,SRV004,47.31907871021309,72.75752300449909,57.09534217001446,21.820498723192934,229.4696230435193,2749.787912318226,2.7534799235695875,0,0,1,None
2026-08-04 22:55:00,SRV003,76.0132279046945,40.813857173042855,51.85303769755664,29.13729035547911,436.1670924057231,1965.9010864026795,4.654628097932794,4,0,1,None
2026-08-04 23:00:00,SRV005,39.290692804242845,77.76470882780929,84.35174333725634,30.077060052700396,284.8748255903647,2504.4866733675512,4.038913946773385,0,0,1,None
2026-08-04 23:05:00,SRV002,43.02769963367749,79.68763744654582,70.6601258661571,19.722274785195992,381.87065926199074,3121.780328645114,3.59974948325713,0,0,1,None
2026-08-04 23:10:00,SRV005,58.170797125724015,65.29833787126638,46.34725462241449,24.52633607360129,480.45403991323593,3434.874924360529,3.487182966991034,3,0,1,None
2026-08-04 23:15:00,SRV005,60.85682398080824,70.58771034737758,51.71661934354451,26.668637966076858,650.4037683876354,3076.0581710372244,4.67894022144514,0,0,1,None
2026-08-04 23:20:00,SRV002,62.44514551511097,70.58515181607562,52.429065479549074,29.203532733925854,312.1999479218843,1970.317822457391,4.154918027317235,0,0,1,None
2026-08-04 23:25:00,SRV003,68.6685706685342,58.57216430359276,56.75046373939119,25.452760246127486,404.9682550573608,2702.9737069196317,4.488087818981455,0,0,1,None
2026-08-04 23:30:00,SRV003,57.97867931022275,70.4712230543934,46.58528808842278,24.50357429407819,347.6241325224458,2282.584041267499,3.44978439350648,0,0,1,None
2026-08-04 23:35:00,SRV004,62.34075908407614,56.913695301274444,60.26579828034036,29.181507749040847,333.01296774392046,2627.7552669084644,3.8303999241077467,1,0,1,None
2026-08-04 23:40:00,SRV004,51.11186111027375,58.91243076354674,72.42505758447177,25.595032880057524,348.50266700304553,2152.5024824003845,4.041319349597919,1,0,1,None
2026-08-04 23:45:00,SRV005,55.94047454855071,76.26943143212299,39.23646269195004,28.62616395164609,502.4066475636939,1728.936951166465,3.469958534411695,0,0,1,None
2026-08-04 23:50:00,SRV002,56.61301270080452,74.74657690700202,41.462239154895194,23.66545303507623,371.194413576962,2344.9672425850754,3.742680734597816,1,0,1,None
2026-08-04 23:55:00,SRV003,58.22647203728554,57.936244978842076,49.20209733643232,22.943000942290805,644.9312698270855,2825.1712134745067,3.44983379607005,1,0,1,None
2026-08-05 00:00:00,SRV003,66.58809711374141,57.664236564989594,49.75845327870604,29.26580747271119,461.5979255894734,2629.599889963215,4.03943551850133,0,0,1,None
2026-08-05 00:05:00,SRV005,63.327185229172464,58.544033975423275,78.98159049695117,27.75755973095164,318.9989338825925,2681.326536961459,3.0071635016896514,0,0,1,None
2026-08-05 00:10:00,SRV002,55.663255043502744,72.32639566465491,67.02051064017806,29.767367199708623,383.32948178549225,2597.35764534072,4.143182011548235,0,0,1,None
2026-08-05 00:15:00,SRV003,42.863110225884405,55.00015219189603,66.33186822541917,25.402220997235673,339.81530099600104,2682.03736368057,3.9864279210457463,2,0,1,None
2026-08-05 00:20:00,SRV001,56.015068870940645,68.56712639035952,51.827611677839194,24.614684092560765,500.0068652946714,2738.280291589016,3.6780148828956065,0,0,1,None
2026-08-05 00:25:00,SRV005,54.57973322656384,72.46846810634294,51.564239118558234,31.082156662622733,256.12203434347475,2376.393356970422,4.06971028739125,1,0,1,None
2026-08-05 00:30:00,SRV002,57.897723697197975,64.117545497069,37.579535034815216,22.43112370801659,285.904861956419,2537.3007526388274,3.5810357217602133,0,0,1,None
2026-08-05 00:35:00,SRV002,88.09787960710602,75.10063696864927,64.38088273657381,30.754382127541874,360.84538812508583,3284.4662686913607,3.3979215552036277,2,0,1,None
2026-08-05 00:40:00,SRV003,47.143408321881466,61.95689830510207,60.89265525770543,30.96151412244715,488.29467931383255,2563.9139630505124,4.126235692873207,1,0,1,None
2026-08-05 00:45:00,SRV003,61.334335286880396,62.861443990060856,70.43196837613941,29.580268542798226,543.3060274822773,2519.153573404263,4.152208403092623,0,0,1,None
2026-08-05 00:50:00,SRV005,71.02693100866448,55.22753768868144,52.47004343972599,24.936577448968656,558.0542190772843,2546.2980282518797,3.495637856714579,0,0,1,None
2026-08-05 00:55:00,SRV003,56.47002871149074,75.17177347620205,53.29865024559524,24.550428489823922,472.98015199475304,2401.941166757701,3.4441686246541647,0,0,1,None
2026-08-05 01:00:00,SRV003,90.06767678758249,57.334795530211295,57.04054634272763,26.369832681005402,411.711046364198,2304.089816325639,3.690215909743726,0,0,1,None
2026-08-05 01:05:00,SRV001,49.32941062402785,68.49771817715059,65.70277090608515,23.1148809695058,499.46258123139927,2593.905335964444,3.4687966083115893,0,0,1,None
2026-08-05 01:10:00,SRV001,59.861338334800706,64.28683932874065,37.35741253483025,24.11491800373921,305.54993825682897,2272.428159118382,4.715071465929361,0,0,1,None
2026-08-05 01:15:00,SRV002,43.01791382660527,54.47216936888337,63.832673604860496,28.934202874527138,235.53427779837736,2434.518281735253,3.9898854285165237,0,0,1,None
2026-08-05 01:20:00,SRV005,49.7271289728506,58.90896856176679,54.75405325392603,28.94804734267247,463.6637577686489,2144.268382063171,3.808760140128329,1,0,1,None
2026-08-05 01:25:00,SRV005,58.73400865594987,78.82872239040734,42.296352784555644,23.85127552039513,319.432158285115,2548.6053120404426,3.2403650157865824,0,0,1,None
2026-08-05 01:30:00,SRV004,67.69456093461595,67.0165754263448,29.984730968151204,29.028365805900222,413.4693267834519,2762.8877248792123,4.243393668221984,0,0,1,None
2026-08-05 01:35:00,SRV004,59.78642251035361,54.90849658633158,53.36231545745976,28.36290991721942,431.96270158728146,2404.638313040088,3.433037060033351,1,0,1,None
2026-08-05 01:40:00,SRV002,73.88672274002104,68.05328287348692,72.37255579928885,31.529658763731312,444.81195591782966,1596.229703399808,3.4083516133513756,0,0,1,None
2026-08-05 01:45:00,SRV001,53.57552034110992,63.53885968405455,75.09621600089673,28.707409325602566,513.7791538525053,2765.6671948249623,4.263568797845951,2,0,1,None
2026-08-05 01:50:00,SRV001,50.01747205241492,99.54046402244182,59.264514528041154,30.175743161203133,503.2075188291731,2554.082729241892,4.032393632595138,0,0,1,None
2026-08-05 01:55:00,SRV002,95.5597766091908,67.85123841342272,78.54406796610698,28.431232772790633,439.500006716769,2053.0458474939433,2.2979314345186657,0,0,1,None
2026-08-05 02:00:00,SRV002,60.91356474163046,61.19375152933635,54.48470700451906,29.939787329091565,375.79847195305945,2847.971609045473,3.7053375417414145,0,0,1,None
2026-08-05 02:05:00,SRV001,44.20777681032179,79.20027917787104,66.43964261971337,23.138648530296674,430.7762088676321,1870.7086596778686,3.8753117723285717,0,0,1,None
2026-08-05 02:10:00,SRV002,44.58604356627897,46.58963832707154,49.585229333122875,26.63476662866726,360.37895833250786,2970.4334268960106,3.5962423065313036,1,0,1,None
2026-08-05 02:15:00,SRV001,40.85980128202989,65.94320156381097,48.82481392859022,26.88305169531741,400.3571077993829,2474.1850211587544,3.896218199413883,0,0,1,None
2026-08-05 02:20:00,SRV004,69.04854033785182,84.94428494681073,46.86989059743237,26.268750159194152,681.8173423580413,1479.0107160802013,2.714187198254593,1,0,1,None
2026-08-05 02:25:00,SRV005,49.534340606601376,63.83800715640246,30.273652634508252,28.331659890950178,438.21897008835407,2580.248314268457,2.101387640395565,0,0,1,None
2026-08-05 02:30:00,SRV004,56.910437134847285,47.666989553519215,70.44510711936294,28.90313896348725,465.0245017037548,2317.2134343590787,3.214719056977837,0,0,1,None
2026-08-05 02:35:00,SRV003,54.04736988342597,61.04082035589402,47.300410730343806,28.176771231213444,349.4519350969638,2249.4178186795884,3.96934827306029,0,0,1,None
2026-08-05 02:40:00,SRV003,65.97238611911402,79.54518040959037,45.38273464293764,26.469168356335988,522.0073416429868,2168.023407344702,1.8650262628874656,0,0,1,None
2026-08-05 02:45:00,SRV002,42.2988386067397,68.76069596320771,40.8403398206479,24.792809760464625,496.02724226634245,2442.752894113057,3.2938723596562953,1,0,1,None
2026-08-05 02:50:00,SRV001,38.86641570785477,56.611438904874824,52.547686761564606,30.2915582224687,496.7352554655085,2281.6650934747863,2.6463434184803676,1,0,1,None
2026-08-05 02:55:00,SRV003,58.364459607723916,58.14757192820976,76.16190772671692,28.049198449841505,441.4891246753463,1664.4893905652266,3.654425496481191,1,0,1,None
2026-08-05 03:00:00,SRV003,64.01438927049846,59.402997288501865,80.12534620987262,23.944158424801774,523.4190095766771,3072.4305490047423,4.974739554773509,0,0,1,None
2026-08-05 03:05:00,SRV001,59.98798469646461,68.61197884053996,35.069597490375,26.41893737505113,547.1685196634734,2390.0390548171877,3.6696944032015386,0,0,1,None
2026-08-05 03:10:00,SRV003,42.85819406354008,78.38196132938653,50.74662404828461,21.770100966877916,448.3098919349295,2170.6292428547818,3.7354982928014793,0,0,1,None
2026-08-05 03:15:00,SRV002,65.16227263137091,75.52423012799171,42.58770675887562,27.106111843042328,408.5387640999677,1992.209342854601,4.303538564472939,0,0,1,None
2026-08-05 03:20:00,SRV001,43.842086093565484,69.56012182109129,66.86005289453824,26.404860172204213,509.4570990114761,2846.8294303538146,3.812783934686344,0,0,1,None
2026-08-05 03:25:00,SRV004,47.17692032820425,51.68355239942517,58.43912256752712,25.276599148933986,329.58746934402564,1915.705613906564,3.671004937886396,1,0,1,None
2026-08-05 03:30:00,SRV003,40.84069712916997,51.720674860065586,47.36116807144198,31.753800569410586,348.20397193846736,2560.2942858360852,4.355987554487002,0,0,1,None
2026-08-05 03:35:00,SRV004,74.51737522978047,70.33252021213764,55.87087696709223,23.531537641373664,414.66996571150986,2237.3579491568885,4.083132290307083,1,0,1,None
2026-08-05 03:40:00,SRV004,64.50132311541023,51.545289020671056,49.270976543107494,29.119178855047007,245.86429315618545,2263.5611527469505,3.973175456939871,0,0,1,None
2026-08-05 03:45:00,SRV005,64.0749006351831,62.74432978931396,74.37095313249876,33.56012448279562,502.75952735634246,2003.3982110608451,3.7167319084595207,1,0,1,None
2026-08-05 03:50:00,SRV005,73.70817131713676,68.04150446186176,61.563514180192456,30.231803711150064,323.7086112534177,2220.8562553652528,3.592361177163762,0,0,1,None
2026-08-05 03:55:00,SRV004,97.18973872358086,53.62406004637311,63.03788105099726,26.9053836537067,372.8508978498243,2503.965576178086,4.350302531138997,0,0,1,None
2026-08-05 04:00:00,SRV005,29.361608441347666,54.75737665641137,22.996990263605227,23.59779408173002,398.67204043202287,2605.8905018570467,3.598122428072496,0,0,1,None
2026-08-05 04:05:00,SRV003,43.924351286843375,64.05878935432182,54.19853585405427,22.913813470246634,423.928682157055,2146.4833834226597,4.538751727613608,0,0,0,None
2026-08-05 04:10:00,SRV005,45.75737373738214,70.03650287524054,79.99853150870841,25.765344915127436,385.6346723576958,2459.0795189031637,3.1717121802264305,2,0,0,None
2026-08-05 04:15:00,SRV004,42.23770566425961,75.61518770413757,70.91354884044021,24.938997798258274,413.26289527696514,2899.80449393669,4.660270372703467,0,0,0,None
2026-08-05 04:20:00,SRV004,38.836251285944314,71.07053434770552,32.83492496895636,24.841359273125605,414.0372367609586,1751.8171493729174,4.083224049853051,1,0,0,None
2026-08-05 04:25:00,SRV005,50.50520403916951,65.73656594992194,51.23889000779687,26.02105963358627,375.2969042372874,2497.1789618836633,3.218879046168796,1,0,0,None
2026-08-05 04:30:00,SRV003,36.75094427065893,57.538052464429505,40.58176640897534,26.69325872134294,342.6805542361235,2072.147224569022,4.105387180731384,0,0,0,None
2026-08-05 04:35:00,SRV004,60.0256355130612,54.29093004155481,75.53321872435444,28.455635842935887,528.1473924355602,2026.292122547561,3.4098182610096317,2,0,0,None
2026-08-05 04:40:00,SRV002,55.77547482142922,59.89122911670852,57.9313393873109,23.286611341612712,209.55942977332973,2617.455180849145,3.820056832608485,1,0,0,None
2026-08-05 04:45:00,SRV005,62.21542997145483,69.09935584980568,45.78645328322277,24.95326861160085,399.42848409905173,2254.636839099598,3.5080237177128493,0,0,0,None
2026-08-05 04:50:00,SRV004,62.615926774573786,68.36623706627343,55.40989532248947,26.520983751532555,373.11005281157844,1952.438593194205,3.720252701520153,0,0,0,None
2026-08-05 04:55:00,SRV004,64.04510280140015,44.00098014274877,23.711613651178194,26.413544419730194,461.8791486726487,3095.9274364314942,4.36485847628592,0,0,0,None
2026-08-05 05:00:00,SRV003,49.39886594764177,57.14322971732497,41.98046435852108,32.50927112224027,274.57072034809914,2914.040281449323,4.111106991288012,1,0,0,None
2026-08-05 05:05:00,SRV005,86.817151039505,77.04507551606156,55.437324709915714,27.696739778171573,370.0214658756396,1630.4623196383739,3.124780764938553,0,0,0,None
2026-08-05 05:10:00,SRV001,58.51646674723147,65.79215047804139,65.14810442143987,22.159230564121728,409.7640266010244,1836.5073423990693,3.1591421350049367,0,0,0,None
2026-08-05 05:15:00,SRV001,27.062728710628075,50.82991086897014,31.70423055283191,28.254544084760294,527.0073610370459,2767.0556820934066,3.9624653661591998,2,0,0,None
2026-08-05 05:20:00,SRV003,39.964363813506736,88.55821181598151,50.42613630757085,28.636991168231937,453.2184966795424,2371.8067751331387,4.005912276137466,0,0,0,None
2026-08-05 05:25:00,SRV004,28.892455164582767,64.71058267685235,67.11622886222587,26.624615915265785,301.6511789131138,3175.2585899597307,3.395333012367741,1,0,0,None
2026-08-05 05:30:00,SRV005,55.26001943726961,68.84333959313408,37.582560107520735,23.359809976772397,371.25232812793405,2777.3513793434545,4.7547892897892226,1,0,0,None
2026-08-05 05:35:00,SRV003,53.1729216392,68.99524756045135,57.750194017410074,32.274164085940384,508.6051352660691,2634.7594857342992,4.288096962361757,1,0,0,None
2026-08-05 05:40:00,SRV004,47.97361453150813,61.324045338398136,55.791694037272045,23.790348259256227,299.92251340769326,2040.1617886785532,3.4246541807691235,0,0,0,None
2026-08-05 05:45:00,SRV003,85.16389168600772,57.72426318178606,75.57256384427923,28.9823166192478,412.1355731627629,2721.148132689012,3.366646810510404,0,0,0,None
2026-08-05 05:50:00,SRV005,63.23474311115366,86.2167498506594,52.23836568266035,27.600151587191807,419.08795474737246,1925.9062203622898,3.6633120717720518,0,0,0,None
2026-08-05 05:55:00,SRV004,65.89147542169502,75.0320586961775,52.94079281949916,28.80243164708931,381.4216940079235,3087.3600400345313,3.600887353355504,0,0,0,None
2026-08-05 06:00:00,SRV003,41.03389768086845,73.21937201108676,65.25951703797627,32.12057377250199,689.5751782798915,2689.962365058209,4.553694496239066,1,0,0,None
2026-08-05 06:05:00,SRV005,40.012826630034816,70.7628919171821,39.08381598340787,28.684916616423106,378.7268540552451,2128.8262404590832,4.390713783796932,0,0,0,None
2026-08-05 06:10:00,SRV001,55.552082486454324,54.96682609638316,52.349401521389694,25.324007318869402,464.9765159367798,2862.1048426595416,3.821041708100834,0,0,0,None
2026-08-05 06:15:00,SRV005,57.59510709478339,77.77530191740274,49.53129986991387,30.317976825383884,343.3698879780716,3508.686200111351,4.2067433365335285,0,0,0,None
2026-08-05 06:20:00,SRV001,27.155326493283145,56.56867341988251,53.333058247538794,25.10670164986764,472.77479919994045,2402.0723050857473,4.293785135806729,0,0,0,None
2026-08-05 06:25:00,SRV002,52.29539465725699,67.83286798150645,65.18087738755406,27.490674034185805,507.0787596851935,2747.6859353610816,3.8349564369599203,0,0,0,None
2026-08-05 06:30:00,SRV005,55.21108124310257,48.606100945354314,61.649937820986075,23.12074917595263,361.2035963253902,2305.6768061390494,4.041571207621454,1,0,0,None
2026-08-05 06:35:00,SRV004,51.772762513433065,44.5914114935248,46.015812297655884,23.900156317989744,414.5298184781467,2538.408497928255,4.156512532455369,0,0,0,None
2026-08-05 06:40:00,SRV005,42.799143814799855,68.18291202653114,56.64039043992655,27.15416001130856,330.47202301091266,1821.7444479858486,4.09256343418933,1,0,0,None
2026-08-05 06:45:00,SRV004,46.9069722711829,56.90900732805092,72.8852993692063,28.104260125742616,305.5596187950108,2499.7617189223606,3.332717702914525,0,0,0,None
2026-08-05 06:50:00,SRV004,52.34711209640806,45.10832428702727,45.02361161443234,21.89282813192691,523.6795432500206,2519.609798423775,3.3933741455923627,2,0,0,None
2026-08-05 06:55:00,SRV002,56.362000354150716,70.40609502947075,56.74200136476415,28.491862104001992,364.59990541163523,3309.5489995801368,3.6268432029883697,0,0,0,None
2026-08-05 07:00:00,SRV001,64.07187373825852,86.20080771050789,52.68207187673646,24.54171307020511,178.63876714919297,1692.2485992834927,3.376001432571867,0,0,0,None
2026-08-05 07:05:00,SRV001,71.21284307426308,78.89560258580062,54.243939809958675,30.8390640470135,596.5356156493623,2373.6024434014994,2.916139656418608,0,0,0,None
2026-08-05 07:10:00,SRV002,50.584784147091256,62.426821147343276,35.432108533007195,25.944106713526477,339.7904676937394,3079.652748023966,4.205571176569424,1,0,0,None
2026-08-05 07:15:00,SRV001,48.157657058269635,65.08845306696946,71.92915425174645,23.629133191350043,395.3626956251969,2391.2028268905597,4.007844876121401,1,0,0,None
2026-08-05 07:20:00,SRV003,61.564835103014595,73.87706256783913,45.7077771893418,27.227413673877756,584.0906505494315,2422.896310156751,2.9963800542244723,0,0,0,None
2026-08-05 07:25:00,SRV004,64.16267374616281,76.22128019834906,67.3128636418424,24.251294996763825,405.825790581236,2125.0334388030215,3.6554499729634777,1,0,0,None
2026-08-05 07:30:00,SRV005,48.486993501116714,61.56464281174301,47.543480703429864,30.806835424299376,403.66633977981365,2080.327578881759,3.6894285096484234,0,0,0,None
2026-08-05 07:35:00,SRV003,66.85590215449258,65.34177715724574,47.49394417725088,27.0015906225993,297.1826955449467,1678.3658053750814,3.9091666571059633,0,0,0,None
2026-08-05 07:40:00,SRV005,69.6937801173396,68.00614806764537,69.5574790055856,26.544970130720138,256.5166300372433,2216.8531385601304,3.1508465308114046,2,0,0,None
2026-08-05 07:45:00,SRV005,74.3752969848801,70.53876320278832,66.92661524173509,28.775403056793024,403.36137354038715,2054.7902251995447,2.987603458403352,0,0,0,None
2026-08-05 07:50:00,SRV005,81.67481360079734,63.66923557988733,57.503990787567794,23.98515768239912,456.2809774074895,2553.117475145683,4.1118346976203455,2,0,0,None
2026-08-05 07:55:00,SRV003,42.00375792010841,63.79914754931256,64.13380659767584,23.132539034014457,450.5525408210773,2145.5493089093206,2.879622792638826,0,0,0,None
2026-08-05 08:00:00,SRV002,55.20847313998767,78.79832329754387,51.5373666369232,28.22505473832491,371.87389195307844,2284.184056728172,3.660401904167202,1,0,0,None
2026-08-05 08:05:00,SRV005,55.1691654492799,77.09520702442886,54.89958846737332,23.700987875973574,422.02577993469424,2296.507573124053,3.6043536885450638,0,0,0,None
2026-08-05 08:10:00,SRV002,53.528896472012384,69.77410573436089,47.060507290434174,23.69996953875163,236.27900046720328,2478.3256679693327,3.7260294090639285,0,0,0,None
2026-08-05 08:15:00,SRV003,45.26105620584796,82.19109070022928,65.84877939160312,29.510268093662663,466.0167020695478,2262.1649846178216,3.951630572706711,0,0,0,None
2026-08-05 08:20:00,SRV001,32.71656995153393,61.13554237773583,46.67904002599177,28.57519232995182,436.1405844770046,2022.1962595282905,4.759142370686844,1,0,0,None
2026-08-05 08:25:00,SRV004,56.39019169043506,81.22973448629381,72.82187613925424,23.238511372641266,617.3660894182858,2538.594899776527,2.8403046796454596,1,0,0,None
2026-08-05 08:30:00,SRV004,43.474665106781316,70.42515443535551,51.209989980162106,25.14259187117599,420.7479646429047,2980.367447319075,4.325948949639649,1,0,0,None
2026-08-05 08:35:00,SRV001,56.289902211214375,97.7102612221459,55.24610276819601,24.28880533216104,325.7330647853921,2557.8097881058484,2.292705256321174,0,0,0,None
2026-08-05 08:40:00,SRV002,43.0893468745172,53.07518073217523,64.10473624785202,32.32895789412174,414.9276865911181,2225.58080279262,4.636226689290391,2,0,0,None
2026-08-05 08:45:00,SRV003,38.50512481233488,58.10654747782658,55.28637305427498,29.718031282711827,387.2200199984163,2444.5841177078687,2.5742783956777058,0,0,0,None
2026-08-05 08:50:00,SRV003,58.514475405653464,69.18797828200547,51.42510022857628,25.73746546198418,463.4707868770398,1577.2152533395574,5.2618367828208745,0,0,0,None
2026-08-05 08:55:00,SRV005,57.26382290209744,68.97234052978992,54.63971862629834,28.72858406803048,422.6892061725186,2437.268762707511,3.566139302313707,1,0,0,None
2026-08-05 09:00:00,SRV002,63.689229569813996,84.50138984175018,65.72582024269101,22.93144144220751,294.0053298947356,2319.8405339092874,4.574229836463821,1,0,0,None
2026-08-05 09:05:00,SRV005,87.78795649626437,58.31625316700466,47.04577333435954,24.98206154643152,256.42567118059804,2079.9428388970696,4.450493614046518,1,0,0,None
2026-08-05 09:10:00,SRV003,59.159342968162704,74.04918518693884,53.48515591272082,27.314589797825658,446.2908202633016,2161.5557414506143,3.538106545217355,0,0,0,None
2026-08-05 09:15:00,SRV005,62.276226505961944,76.62463004681996,55.1234407280497,28.35669224743774,558.3114541069239,2315.394474307159,3.5841504690874393,1,0,0,None
2026-08-05 09:20:00,SRV002,38.83658006699012,72.04647832220647,65.37502234633187,26.707622623459667,427.9347884051719,2946.606224202921,3.297704622120634,1,0,0,None
2026-08-05 09:25:00,SRV001,35.696388391954386,55.3900365807568,53.80185551354276,27.744040532142677,501.3297353920207,2991.4271875510417,4.272422099866573,0,0,0,None
2026-08-05 09:30:00,SRV001,78.7424417016,79.07758805254198,76.69958913392466,27.235009379859378,521.28091542036,2082.3436772989853,3.545919137468919,1,0,0,None
2026-08-05 09:35:00,SRV002,41.147803301000444,77.29324931315413,53.121537067418856,26.50926779393305,446.67918457946683,2266.865182040473,3.3086098831695594,0,0,0,None
2026-08-05 09:40:00,SRV005,39.34083892797037,70.99584519790378,52.14779633913664,26.111563223427318,338.5508512138592,2278.33451922014,4.122365607173691,0,0,0,None
2026-08-05 09:45:00,SRV001,54.4135161817517,67.04347687208954,52.94761454058722,25.721205381966648,439.53080850455643,2864.295481997556,3.2616941351565503,0,0,0,None
2026-08-05 09:50:00,SRV002,53.647113799339174,67.2610801004437,39.200302856103875,27.695812525885763,540.7072887600481,2565.4779486842276,3.602610624948798,1,0,0,None
2026-08-05 09:55:00,SRV001,41.46240240335062,64.21264207760622,42.55927783889578,28.23244676759837,472.98905495999145,2541.755438188469,3.8642635189233157,0,0,0,None
2026-08-05 10:00:00,SRV005,50.4254017193035,71.40785134252641,48.63199732313088,27.595077501956503,494.82453428286556,2741.3181760395355,3.4145423064432388,0,0,0,None
2026-08-05 10:05:00,SRV004,73.44063576475156,65.31134852944977,68.62995818620155,23.464208849996822,373.7453758308174,2231.613966215081,3.5050707914480386,1,0,0,None
2026-08-05 10:10:00,SRV004,42.91009586752304,56.51475024647359,54.602487287655876,24.003216446570438,399.7646240254518,3113.748958459326,4.7209899206836745,1,0,0,None
2026-08-05 10:15:00,SRV004,34.094912734507425,54.51408355172408,49.184269724611525,28.196645417844202,408.1272689099633,2499.214904160909,3.677458879828912,0,0,0,None
2026-08-05 10:20:00,SRV004,69.13890431349688,57.479637463477076,69.71841694727914,31.415019902012634,414.86619974632043,2114.839399213639,3.5842238241298325,0,0,0,None
2026-08-05 10:25:00,SRV004,62.38445367907055,67.22132242549452,73.61412559470713,27.457246384676267,536.7958316012359,2396.661890290972,3.6949249171587666,1,0,0,None
2026-08-05 10:30:00,SRV001,45.69222069027008,64.73044163564792,70.06458953089313,25.764994762569017,185.28262716618326,3054.3677458935426,4.07267299309944,0,0,0,None
2026-08-05 10:35:00,SRV005,31.26749475809623,67.1534379328875,44.762920033178105,27.673021366328328,423.05383045818377,2308.6860388073023,3.1796817903956818,0,0,0,None
2026-08-05 10:40:00,SRV004,43.83064965342155,70.00813133546112,49.05701655767613,23.589535732459716,412.0503624305146,2927.3010095701743,4.056329240275032,1,0,0,None
2026-08-05 10:45:00,SRV004,54.179433447260934,58.72679074083121,76.76483284377663,30.92682946960939,282.8498858555851,2218.5943932528153,3.9534921140355443,0,0,0,None
2026-08-05 10:50:00,SRV002,72.48508134825728,79.65660168345347,57.893676304000266,27.559782433524084,487.1767216587465,2155.4513364502122,2.7268067695555294,2,0,0,None
2026-08-05 10:55:00,SRV005,39.451270376955144,62.32289172952525,51.788475221247054,24.991628360368356,347.5499808055075,2796.8188347674313,4.876553362045257,1,0,0,None
2026-08-05 11:00:00,SRV002,53.7322017773279,60.665730152184906,63.62017553597005,26.499613601721375,384.296735064684,2106.7123477094165,4.676488136457924,0,0,0,None
2026-08-05 11:05:00,SRV001,65.12716989842347,69.82386237332453,67.08758880829734,25.418891303809154,604.8781907754044,2870.143112572763,3.3196622403530975,0,0,0,None
2026-08-05 11:10:00,SRV005,19.280989898171192,46.63489797624927,48.142605148860824,30.9350099304505,520.9973649539056,2658.2316995605074,3.12654407738163,1,0,0,None
2026-08-05 11:15:00,SRV002,70.50679251908349,57.094655502770806,57.63327950343918,26.393279731658822,477.44869391451164,2106.8827294895837,3.9368308982151454,0,0,0,None
2026-08-05 11:20:00,SRV001,37.26324141690344,74.81072798691832,66.1187208306047,27.46609723834678,458.0776934644404,2467.8507652025496,2.944482027301227,0,0,0,None
2026-08-05 11:25:00,SRV004,59.979932401854015,47.625780709378894,41.07655424848176,28.721179369953877,403.53199775546574,2253.051569248208,4.6185697722213535,1,0,0,None
2026-08-05 11:30:00,SRV002,58.70024724416116,76.17574196933155,55.14814548911368,24.777700188706373,619.9377265370101,2657.0394505010768,3.518927758548564,1,0,0,None
2026-08-05 11:35:00,SRV005,71.26879587195768,80.11136566359134,41.627324163391414,27.581128398405472,500.2167631440239,3349.5092102299386,4.7730841569852895,0,0,0,None
2026-08-05 11:40:00,SRV003,63.263865713403106,61.30544662176251,43.197034036878264,27.823306708182628,345.04500860347474,2333.18292870066,3.3053579777682396,0,0,0,None
2026-08-05 11:45:00,SRV001,19.340642624050282,67.9181276742631,48.24279907023635,22.337763536938137,279.9897721782346,2740.1993232363284,3.7326787486599677,0,0,0,None
2026-08-05 11:50:00,SRV005,43.22831129266013,76.19087084851026,60.72543445455364,27.75808946633283,476.6838001989269,2510.998288750382,4.560327563946419,0,0,0,None
2026-08-05 11:55:00,SRV003,57.0730769402992,60.3321081195648,51.135728456342385,26.862713805170582,414.41308701215553,2510.825966378431,3.606056312216702,0,0,0,None
2026-08-05 12:00:00,SRV002,52.0753017082032,73.67775520526182,47.21898250037913,27.38989887634799,277.10618330538324,2425.657695670814,3.963255045905444,1,0,0,None
2026-08-05 12:05:00,SRV004,62.16416094635156,58.288512048693285,55.61865475989951,27.1068891404717,462.8586165711582,2114.162149141801,4.455595253382808,0,0,0,None
2026-08-05 12:10:00,SRV003,66.84049833504558,60.223977066668205,41.23644726080285,27.777509618850246,393.09728396884793,2650.8129771771046,3.4663715294995,1,0,0,None
2026-08-05 12:15:00,SRV001,64.12677604644519,57.006635356750266,60.14563861400692,31.012029677028472,473.066492552747,2370.066212536275,3.042956545671385,1,0,0,None
2026-08-05 12:20:00,SRV004,51.785875861683024,68.42647199194803,68.57664114349973,23.46147776374467,464.1740214580907,2092.8399623175733,2.924773642215453,0,0,0,None
2026-08-05 12:25:00,SRV003,27.304944833192792,76.5796905256555,54.049551508143864,25.97354299349874,359.1735978456161,2956.3779680117345,4.150059649662724,0,0,0,None
2026-08-05 12:30:00,SRV004,48.167781267177745,63.15887067882836,52.5682120803975,28.999855886888508,483.2844764424205,2544.5543302160545,4.033267032198571,0,0,0,None
2026-08-05 12:35:00,SRV005,61.245522222084325,52.287508400875964,59.48128423858683,28.442777603183732,370.2094917365101,2397.3554691955424,4.4369979038486544,1,0,0,None
2026-08-05 12:40:00,SRV004,38.643291211742834,54.17293177713184,30.65836697402146,28.378216660026254,376.71181268190287,3103.025476635834,3.6355731686104455,0,0,0,None
2026-08-05 12:45:00,SRV004,64.46912095182364,68.9459942137054,61.44180947917441,35.26073164702001,366.7728593378622,1673.763309010151,2.941557645439674,0,0,0,None
2026-08-05 12:50:00,SRV002,68.62589945900956,83.44116413394269,92.22262964493837,28.842406572350118,533.097442780627,3072.76936167809,2.3883486162310543,0,0,0,None
2026-08-05 12:55:00,SRV002,56.90300464443764,68.93724999314398,53.52788534662336,30.392813388765074,391.94276119456396,2103.9154228887023,5.52077752061102,0,0,0,None
2026-08-05 13:00:00,SRV003,9.043302005314061,61.131034493487476,53.57049959540403,26.078783823442475,557.2443180564252,2595.189642736984,4.116153811122501,0,0,0,None
2026-08-05 13:05:00,SRV005,35.82867455932295,72.66183966850284,63.9232840011962,24.021262878308153,598.348487018686,2235.37131064568,3.8820750536493764,0,0,0,None
2026-08-05 13:10:00,SRV003,83.29283737834123,62.605013644132534,74.74399201837554,26.0570477122991,346.1280863145551,2084.649531796409,3.9671838561882895,1,0,0,None
2026-08-05 13:15:00,SRV002,46.80193310457433,61.21714782635794,66.69961413320962,29.135880514030212,127.90046853030668,3091.2489366857953,2.941196631060538,0,0,0,None
2026-08-05 13:20:00,SRV004,25.23785165306506,55.41540894304737,29.132717456997394,28.220483564487527,524.4509543271273,3335.297455327878,3.323076805422172,0,0,0,None
2026-08-05 13:25:00,SRV005,73.52871082465408,79.08448844246357,61.76078605195296,28.209754111796638,385.80281026398586,2400.4484572070146,4.845998076794745,2,0,0,None
2026-08-05 13:30:00,SRV005,55.200333873155095,39.607920825043365,85.8631617429001,26.356966839608617,333.38135868680087,2650.9636159874326,4.195008371511331,0,0,0,None
2026-08-05 13:35:00,SRV002,71.57410733436588,72.9785920027927,62.46929256111358,25.878592143561075,361.1281893847032,2525.646063248125,3.341841405423238,0,0,0,None
2026-08-05 13:40:00,SRV004,59.15438012829048,60.36255062202463,41.144777040739,26.460428267120168,378.5186178633971,3278.728076808785,3.0639108031500566,0,0,0,None
2026-08-05 13:45:00,SRV003,61.878387043182535,60.896592685483874,58.38195549302337,29.17342635049564,549.719309069374,1549.0822986459093,3.49058353463326,2,0,0,None
2026-08-05 13:50:00,SRV003,60.445138715717746,81.92315156117812,39.6317529839072,29.522182284511253,435.9911239317515,2669.705548571599,3.6107416116662727,1,0,0,None
2026-08-05 13:55:00,SRV002,65.46232467881501,57.858689077999486,69.79364427122631,23.981275050986316,548.3598630108136,2172.7931586352297,5.0294876215080215,1,0,0,None
2026-08-05 14:00:00,SRV001,89.16145672834148,58.1993084597159,43.52940894366489,29.287027678294347,469.42201192784955,1439.8161903379696,3.6870395744204267,0,0,0,None
2026-08-05 14:05:00,SRV002,69.56509503938781,63.696057610804694,55.89092361630428,25.04783630773131,389.07692760495155,2337.7614561568416,3.0862689295201924,1,0,0,None
2026-08-05 14:10:00,SRV003,31.294910232316976,69.13847385812238,44.706639976097826,28.40676495552316,380.96427967907425,3331.621955909749,3.764838581833949,0,0,0,None
2026-08-05 14:15:00,SRV005,61.69992272918355,60.58144217707131,48.44262330942411,26.424102772612535,476.16087507496013,2204.77786431982,3.9586030810268005,0,0,0,None
2026-08-05 14:20:00,SRV005,72.12221152154827,49.26141069464114,72.83380775032595,31.697365647716953,502.04256293327086,2855.844477954075,3.031672053447577,1,0,0,None
2026-08-05 14:25:00,SRV001,73.04051209804219,56.343018191182345,56.24148597872437,25.745776113056564,519.679268570087,3039.402488678515,4.041299320671569,0,0,0,None
2026-08-05 14:30:00,SRV004,48.600925254113506,77.81333856464519,48.28957031529136,27.53583552268435,393.8461488624257,2494.2864388212147,4.525349571362942,1,0,0,None
2026-08-05 14:35:00,SRV001,72.47416667782191,65.74776789135511,41.257264349359325,28.819779472678285,437.5205856404472,2554.2050282850814,3.883202769950458,0,0,0,None
2026-08-05 14:40:00,SRV004,68.91613599326809,69.51087283703822,32.53958216320676,24.378123449631353,478.4040409255326,1727.6659420564997,3.321760908890192,0,0,0,None
2026-08-05 14:45:00,SRV002,93.58776155454595,62.38578792826962,39.98463239772776,26.781428833719165,381.6034974063138,2177.726261572309,3.4826777374579097,1,0,0,None
2026-08-05 14:50:00,SRV003,43.74997395627233,58.4050230382673,56.343510897332536,26.20024534613059,306.5059966197233,2908.153430948498,2.804698414002883,0,0,0,None
2026-08-05 14:55:00,SRV004,47.38899135399362,81.7756944987541,66.76280522467196,25.45855954978208,339.37289332978764,2527.3055936666806,3.719698859538479,0,0,0,None
2026-08-05 15:00:00,SRV003,50.40821427310069,63.118081429489195,48.27578209093359,25.68083099555028,395.8964557452015,2665.303648649657,3.986467974097948,2,0,0,None
2026-08-05 15:05:00,SRV005,47.64666774941837,60.56630120472873,73.84652320862817,30.336043794410383,486.2207139220301,2559.9209108573727,3.2620204490807128,2,0,0,None
2026-08-05 15:10:00,SRV003,41.64968875354596,75.96142366355339,46.38999493326128,25.204347795719002,545.8977495572102,3486.4017749333943,4.963820090616577,0,0,0,None
2026-08-05 15:15:00,SRV005,13.559867414893851,57.77639641132615,52.14385932544145,28.69922364801482,284.39527912653796,2306.2660759651294,4.275367697270688,0,0,0,None
2026-08-05 15:20:00,SRV004,48.47950789415299,59.052726562260034,42.04507935595298,27.94378500609343,360.26549860700175,3222.4345193438394,2.7243335966309346,1,0,0,None
2026-08-05 15:25:00,SRV002,60.54037089549857,65.10246684016899,66.88914081481427,22.80905965267447,384.2137502936748,2560.0764499930297,2.736642464895465,0,0,0,None
2026-08-05 15:30:00,SRV004,47.60167231741134,65.0027010408818,80.17012736853482,28.557508315279325,499.4717032306644,3262.389538561359,3.209585718377709,0,0,0,None
2026-08-05 15:35:00,SRV003,84.03071775293665,67.59611347903214,33.85819646876563,22.759460370726917,367.18894646114995,1948.7598598338323,4.743911244055563,0,0,0,None
2026-08-05 15:40:00,SRV003,55.200637190737936,85.91669089395488,50.84605517638362,28.88427548449548,377.0267665052528,2583.0934934338875,4.334553026331418,0,0,0,None
2026-08-05 15:45:00,SRV001,74.36543582776203,68.3624824635237,70.17735816460042,25.478425070607457,278.8007422849776,2322.8409472344383,4.774227317334972,0,0,0,None
2026-08-05 15:50:00,SRV001,58.92130619094952,41.219460372491994,37.63665374289278,27.025101759769356,468.3407315973259,2562.7625511325177,3.8061255719376526,0,0,0,None
2026-08-05 15:55:00,SRV003,67.39610964839886,68.26298943431561,61.80020688365303,23.117160151120984,403.86009254034457,3050.0693181997576,3.674306403222633,1,0,0,None
2026-08-05 16:00:00,SRV001,59.18862330900343,65.37879994489599,69.65766640249085,27.36714697081445,354.59549650204036,2670.4643224110755,3.0514943083636252,0,0,0,None
2026-08-05 16:05:00,SRV005,75.53176947855344,65.43450024351458,55.93874577228205,29.78085125391186,394.0486775517903,3049.172210512122,4.009810354950077,0,0,0,None
2026-08-05 16:10:00,SRV005,55.83909025198601,67.4594730939617,61.60315685128159,24.57910371593214,532.6995501931262,2198.4005080267248,3.6822990998497875,0,0,0,None
2026-08-05 16:15:00,SRV004,62.44181062133178,64.71321712325201,76.13082863353128,25.178498741567967,319.5113091680157,2129.7244941143276,3.6591966857108824,1,0,0,None
2026-08-05 16:20:00,SRV004,60.49499400475066,64.47387906944611,78.38111864921376,28.363863070702468,335.8340368896404,2507.2472829117696,4.770830504631703,2,0,0,None
2026-08-05 16:25:00,SRV003,50.67571812809022,71.13044209770786,54.256393443586205,28.438854970940817,545.2252447465621,2482.606519724012,3.724192638281264,1,0,0,None
2026-08-05 16:30:00,SRV001,61.074734783870156,59.57919202805499,48.6114658084092,19.69746210477448,427.57748280188576,2416.3632840291134,4.59858886642861,0,0,0,None
2026-08-05 16:35:00,SRV002,88.51579369296523,55.52313664360824,43.96023866711565,33.04621909134832,486.97540967119176,2068.6157234481916,2.847155203314432,0,0,0,None
2026-08-05 16:40:00,SRV003,50.94404586856837,95.23781452622391,66.72356980514455,28.585660450644994,460.17519100056865,3039.3932154333497,5.412867339717753,0,0,0,None
2026-08-05 16:45:00,SRV005,61.291973392798724,57.841425562187666,38.53869330650838,29.090755987358886,416.46654477060514,2336.7232597149305,3.5760377229467784,1,0,0,None
2026-08-05 16:50:00,SRV002,73.86668426304163,66.00142912460076,51.96911154410557,26.56937866001395,385.17008808514436,3141.735154995707,4.224310413964416,0,0,0,None
2026-08-05 16:55:00,SRV003,72.10379921416421,50.043397491246324,56.23227725145359,21.433939474343266,503.15580224838186,2505.734514341826,4.319763747167907,0,0,0,None
2026-08-05 17:00:00,SRV002,55.17574626579048,66.16468415051422,48.96396984737495,29.02416618375072,536.2336567811155,2791.79301886632,3.5015859617747385,0,0,0,None
2026-08-05 17:05:00,SRV001,19.249169455639574,55.66774449310665,58.35784318022949,25.30443591530734,528.4188347016096,2750.969339333657,4.291418054035432,1,0,0,None
2026-08-05 17:10:00,SRV001,62.75054227972699,60.57527057149989,85.7741598195131,28.63179508255002,301.4528366352316,2129.0763668421164,4.322601905948743,0,0,0,None
2026-08-05 17:15:00,SRV002,21.70788612065421,75.45064665771123,53.54081691584149,26.343596789211812,550.4911017844329,2665.24131469862,3.372113299372539,0,0,0,None
2026-08-05 17:20:00,SRV001,77.04905846411847,69.72009568378074,49.77513247087133,27.714118137349132,384.2064745802355,3367.7498250101976,3.379219865490864,1,0,0,None
2026-08-05 17:25:00,SRV001,57.54210806789891,70.6840952457482,67.18398189258224,24.675010855772264,344.4970462455166,2613.2255138951605,3.8271840940908453,0,0,0,None
2026-08-05 17:30:00,SRV002,69.99511029807984,47.28795161608137,57.87500372974626,29.593166828036793,403.06723032315267,2905.574532801854,3.7307036313887987,0,0,0,None
2026-08-05 17:35:00,SRV002,41.46833292728424,83.36895169829013,72.27202925453652,23.434862881626984,503.1128435248732,2811.972330066483,4.6358780575097205,0,0,0,None
2026-08-05 17:40:00,SRV003,31.712387900499184,53.08118689058125,56.97625143783662,33.736708276017566,474.04641840280624,2638.172346264244,4.221600910967047,0,0,0,None
2026-08-05 17:45:00,SRV001,58.91131576211751,80.28560814293866,52.0189215043476,33.71384590496103,394.4613588145732,2583.915422976136,3.7577458583221452,0,0,0,None
2026-08-05 17:50:00,SRV002,54.49594840065787,75.21543865981486,33.59530134286534,31.89809875639953,503.7665866877975,2746.292001604585,4.163646775224604,0,0,0,None
2026-08-05 17:55:00,SRV003,47.626887607642516,70.7733274178468,35.56318367425912,30.82643695732353,433.9860580759435,2843.4771459140256,2.5720081533219847,1,0,0,None
2026-08-05 18:00:00,SRV005,56.26991921099145,56.450152190916185,32.97161571487477,26.746354925299077,362.7028534460626,1891.526174327017,3.4308134158209547,0,0,0,None
2026-08-05 18:05:00,SRV004,96.5115383804839,66.51589844819523,59.552069995410875,30.499640117241626,349.19647170415067,2611.286300093405,3.9726926049913325,0,0,0,None
2026-08-05 18:10:00,SRV005,67.51788321053587,60.2907858935514,38.65300624159049,26.71147050517162,461.023484442162,2417.1649536637074,4.46921930113547,0,0,0,None
2026-08-05 18:15:00,SRV002,70.74247908794979,65.29039571505292,70.06692839103259,22.33944737326408,411.74822641843986,2323.8129203567314,3.919861600793476,2,0,0,None
2026-08-05 18:20:00,SRV003,67.65905337330034,62.5012774091444,55.36295877827145,31.509604242092063,282.4494846586364,3083.183970562858,4.674943399986594,1,0,0,None
2026-08-05 18:25:00,SRV003,77.1919321577829,44.61389493427592,52.06975697077998,30.386473388767516,504.7161493069503,2170.084188371266,4.320763914815158,0,0,0,None
2026-08-05 18:30:00,SRV005,52.14892490648883,76.21784150984588,44.87373909754794,26.905982677033695,371.972497137558,1872.353922860499,3.507002345557193,1,0,0,None
2026-08-05 18:35:00,SRV005,24.178580384870592,64.1889284345064,62.46710497924248,23.324447228006548,579.2119647988794,2858.0723014236346,3.715981612427738,0,0,0,None
2026-08-05 18:40:00,SRV005,52.17120800490985,60.15199600497763,45.34602616549106,25.24139797026308,279.7010014845289,1860.82276455075,4.045053011743143,0,0,0,None
2026-08-05 18:45:00,SRV004,67.17603564994752,59.39672767170232,43.17546395116143,21.53656324533747,401.9291403609989,1632.4256149186463,3.5308186682861815,0,0,0,None
2026-08-05 18:50:00,SRV003,40.4529940732739,68.58459576366768,69.26019904726418,29.83524255785393,350.0022315560773,2908.7204604954845,4.718774106749956,1,0,0,None
2026-08-05 18:55:00,SRV003,52.35451074266005,56.062436617055276,59.25545392930027,22.19007309940746,322.4577479622661,2571.4250127531195,3.1347643194246264,0,0,0,None
2026-08-05 19:00:00,SRV005,44.623453854965305,42.448244415259566,52.18084686102073,27.86049261044003,371.3209283241623,2712.723832315949,3.9896638702546317,1,0,0,None
2026-08-05 19:05:00,SRV002,77.53043877764696,69.07129803208277,62.6971958168046,24.468919956660937,597.0567609036982,2300.90759134917,4.241268088163034,0,0,0,None
2026-08-05 19:10:00,SRV002,66.24185523109846,70.19102997956821,55.10718247732839,22.71988966500157,434.33701700795035,1877.0172407759414,3.6119318063233385,0,0,0,None
2026-08-05 19:15:00,SRV005,64.77310930965939,63.003681753223674,59.596157805420205,27.715065279835716,340.8291961202571,1966.3957538720497,3.476720400410451,0,0,0,None
2026-08-05 19:20:00,SRV002,64.32401969681457,53.52097124809991,45.19782517149454,25.998601844063906,237.1371589662595,2377.5149952559223,3.7543512221300004,0,0,0,None
2026-08-05 19:25:00,SRV002,54.44126121171809,65.88935540889285,79.84478330692747,29.514567316276104,247.86374536523138,1927.4187139368812,4.287199107671104,0,0,0,None
2026-08-05 19:30:00,SRV003,57.96334423791255,50.354676316864115,48.0445603878853,23.19718419381388,366.3536855881265,2638.173808170544,3.5000912014832877,0,0,0,None
2026-08-05 19:35:00,SRV002,37.22223129201524,54.727694033123406,73.67219592339973,24.728056063578535,356.631201586134,2291.8939278845114,3.1586472878544245,0,0,0,None
2026-08-05 19:40:00,SRV005,22.203370318741484,57.49302063495839,52.73357380834628,19.83707337452733,397.5949293765515,2583.2662213143876,4.490350866195816,2,0,0,None
2026-08-05 19:45:00,SRV005,57.25121695517536,73.43939070891557,64.68516538785954,20.446959953016233,192.78161995641486,2569.8166577018937,4.0395778837613525,3,0,0,None
2026-08-05 19:50:00,SRV002,59.85985384408217,61.37389049563083,63.81068198831363,32.394577229935535,410.8318404953466,2674.059799491037,4.40471445829371,0,0,0,None
2026-08-05 19:55:00,SRV003,73.13896852638067,60.52133588223539,68.76222106180055,33.250794732299006,522.7729775147108,2724.7671372800496,4.255599038760464,0,0,0,None
2026-08-05 20:00:00,SRV005,78.57003724123551,84.54692515411246,44.91251551403026,27.27817861567186,582.2841247364195,2345.24473414934,5.107933584969179,1,0,0,None
2026-08-05 20:05:00,SRV004,78.5499772749842,68.52462497188714,67.90762481534634,24.528513702280463,230.55538520828608,2582.7861699852238,4.468983221363927,1,0,0,None
2026-08-05 20:10:00,SRV002,40.02964610059183,68.38994510474826,77.15727821093728,26.10465322352968,339.86072407608447,2606.2036577890785,3.3655522628751076,0,0,0,None
2026-08-05 20:15:00,SRV003,49.71602447575346,61.302992547912254,51.89568424909771,29.620722607459093,334.57661390254646,1406.9993609079856,4.08216078033895,0,0,0,None
2026-08-05 20:20:00,SRV004,62.205014438220694,59.03628332363222,55.41647280570547,25.45683294053386,434.572142752565,2790.9365856367704,3.4655067673738724,1,0,0,None
2026-08-05 20:25:00,SRV004,92.97857016613267,43.13593559982849,48.71864029023815,27.71290160112507,298.02275321235464,2567.473988299113,3.5275243016972997,2,0,0,None
2026-08-05 20:30:00,SRV001,77.20148805570874,74.68740531923558,50.8427649737788,26.96173184855625,588.2263248726681,2753.821989359607,2.9524997596308205,0,0,0,None
2026-08-05 20:35:00,SRV002,71.7909574299757,69.4830970575638,75.53707358718988,25.293561989751424,424.35224716857397,1920.9203820487319,3.6283320908800767,0,0,0,None
2026-08-05 20:40:00,SRV005,49.18318066676064,63.20834006786587,42.94918568643755,25.421421762024387,407.6853710700788,2357.902071176923,4.12702057312082,1,0,0,None
2026-08-05 20:45:00,SRV002,41.75200553267313,63.62773298163744,43.69457413779074,27.879962615056524,579.2713733782778,2008.8117445454889,3.7603869769197558,0,0,0,None
2026-08-05 20:50:00,SRV002,66.8336182507486,72.36144262261055,74.33081123697252,24.069335590837674,418.3952375916652,2835.0706192957937,3.140378958050785,0,0,0,None
2026-08-05 20:55:00,SRV002,38.4900810364846,49.45289926920147,62.49458111066035,28.355188036870548,460.0303406498689,1867.6975560691776,2.886188400519011,0,0,0,None
2026-08-05 21:00:00,SRV001,51.42345473529546,59.10118668446194,80.44444298851029,25.585263121052453,344.92017267079507,2082.1053481349554,5.06710756128834,0,0,0,None
2026-08-05 21:05:00,SRV001,53.27833076497116,53.636971371074694,49.59473634608976,27.38210191394469,282.9497934945616,2740.4413577223913,3.9950964518248995,0,0,0,None
2026-08-05 21:10:00,SRV002,78.89368133684212,82.71509282486747,56.51537364685083,31.151887698505675,358.9638368495769,2216.7814604752384,3.3055584982400683,1,0,0,None
2026-08-05 21:15:00,SRV005,49.67954045560484,73.756555318533,47.07187667473835,26.495423864319143,638.6975838944825,2082.2242044449235,4.077070075821726,2,0,0,None
2026-08-05 21:20:00,SRV001,18.41125542141077,42.97307358864636,56.71961402377235,29.759413020575977,483.3020948286956,2908.023743293082,5.113511646683651,0,0,0,None
2026-08-05 21:25:00,SRV002,62.56666971493703,49.86238373360024,33.71083963258835,21.623901432348514,447.453483711105,2926.4702904663404,4.172277415787537,0,0,0,None
2026-08-05 21:30:00,SRV001,44.51467220344111,63.676543266425135,63.2194546798601,25.588910959078216,322.36266098148,2824.9320366434495,2.1277592785828805,0,0,0,None
2026-08-05 21:35:00,SRV003,55.6394653665662,60.27559787927575,58.88168900190806,27.083065863228217,511.1250800983846,2881.919353273132,5.391375012792166,0,0,0,None
2026-08-05 21:40:00,SRV002,53.69942948736814,51.75617791923112,54.309344050408974,32.769992037619375,284.2306725686209,2395.7893244778747,2.690452111825773,0,0,0,None
2026-08-05 21:45:00,SRV004,50.89444006273347,84.4476223765049,50.31562810480402,21.12014375022033,263.2943550317619,2407.933161413523,3.6763928327739004,0,0,0,None
2026-08-05 21:50:00,SRV003,66.85510872677055,68.12539913982579,44.26295215158281,26.71137041432167,364.1112877118354,2208.363424659879,3.1199574199802895,0,0,0,None
2026-08-05 21:55:00,SRV004,32.00702682470939,69.74816322863092,63.73255494439313,31.37006655274879,615.4490911961448,2575.4781254721897,3.355998734016072,0,0,0,None
2026-08-05 22:00:00,SRV004,47.2447866256846,58.07985050767786,40.94692017155912,24.644938784199383,609.7894232392612,2262.4457527033683,3.9706458109895824,0,0,0,None
2026-08-05 22:05:00,SRV003,65.26056869676071,72.22274147178003,61.142750944590915,26.36148356872299,374.8763071749456,2305.1202073328604,2.5573858947208343,0,0,0,None
2026-08-05 22:10:00,SRV005,45.78872836983447,61.19567239017988,79.8934167377135,27.99521695516662,352.58009818020156,2769.955195292305,3.7458526487062462,0,0,0,None
2026-08-05 22:15:00,SRV003,30.86789936095042,62.166568262925004,72.82625786373157,27.55352566116834,255.96379594402202,3033.042660481471,4.488405453644816,0,0,0,None
2026-08-05 22:20:00,SRV005,65.02833014885104,71.11001959825259,36.93846468795216,31.697311426363243,427.8030725520084,2679.2171144215426,3.2940558052474693,0,0,0,None
2026-08-05 22:25:00,SRV005,71.84641945662308,48.710024349397,48.559143275880366,28.345421430219695,436.2012751988119,3307.4421393591556,2.9658289640347064,0,0,0,None
2026-08-05 22:30:00,SRV003,54.3250718853549,80.97027859850982,60.05740888666405,30.983318686542656,498.9556254196912,2182.5179925852635,3.7164169387065544,0,0,0,None
2026-08-05 22:35:00,SRV004,25.587316022957012,66.82389214723875,54.1566169358278,25.919974928070268,511.0707513325164,1672.9114123558336,3.5969951059691745,0,0,0,None
2026-08-05 22:40:00,SRV002,65.58954620048225,77.80944208780424,38.207131380610946,24.778423766249112,400.2578082335367,2821.5825503152996,3.4428633977993184,0,0,0,None
2026-08-05 22:45:00,SRV005,30.10168177870468,54.24580243381182,59.62379141768189,26.322830420941095,475.60278747595845,2152.674901308971,3.0869923543294315,1,0,0,None
2026-08-05 22:50:00,SRV004,59.63198915272248,55.768348759718066,54.879797258604405,23.522690719897195,349.9361132153464,2376.8384912010865,4.111510748711673,0,0,0,None
2026-08-05 22:55:00,SRV005,41.688042628867606,53.38099778400188,77.97190490324539,28.450535088630286,473.7042533360686,1703.5915704454942,4.1571581068650385,0,0,0,None
2026-08-05 23:00:00,SRV002,37.602410713495516,67.50297672664838,51.96125556859064,25.842365661734263,369.2767921815441,2095.3553886943782,3.1606119593261073,2,0,0,None
2026-08-05 23:05:00,SRV004,48.37134974380465,65.65983301918246,69.0160406239191,24.984633300067575,465.9458515966938,1823.9976625393438,3.243647813237744,0,0,0,None
2026-08-05 23:10:00,SRV003,52.250536653591105,60.35588180768819,39.79493916244029,28.495975228863006,457.8501325285365,2304.5635314608635,3.881895196403435,0,0,0,None
2026-08-05 23:15:00,SRV001,45.336876244203275,54.859308071147204,42.6638884252419,23.568852666077134,426.8803625695064,2322.4518277526727,3.2210170051473996,1,0,0,None
2026-08-05 23:20:00,SRV001,63.83054917322726,52.33403730269158,63.659943517713884,29.311506641567384,499.45397181593546,2540.482185196694,3.907197189618073,1,0,0,None
2026-08-05 23:25:00,SRV003,48.30895932311749,64.51516099529344,68.0047693672885,25.56498783452592,262.96009286393144,3057.875333959829,4.680827917169637,0,0,0,None
2026-08-05 23:30:00,SRV002,69.70286307507733,60.344132204114,43.511287287107294,30.477289332282552,313.508378177906,2804.6078192040186,3.7641063912630113,0,0,0,None
2026-08-05 23:35:00,SRV001,59.21759748465219,58.14393007641738,55.28892887780694,25.821787265311297,392.9940326446966,1770.0236637052835,3.071830179536455,0,0,0,None
2026-08-05 23:40:00,SRV003,44.536641901055376,80.4708948613161,38.42104991765106,28.89572899967377,275.6736612326677,2773.6069460257854,4.035262098393049,0,0,0,None
2026-08-05 23:45:00,SRV004,42.01090174251571,64.17674321807266,52.825362084334245,27.538687121318716,379.31354854452945,2550.2896138486567,3.69340716228823,1,0,0,None
2026-08-05 23:50:00,SRV002,30.28755551428842,77.70042933926925,65.0430734274895,29.231705621143462,382.53697049224496,2455.9781055837557,3.7099057775052113,0,0,0,None
2026-08-05 23:55:00,SRV005,59.360997668002334,59.66747817317304,49.78049801036626,27.32984067644288,550.9683786666694,2489.7852115282485,4.085193723727273,2,0,0,None
2026-08-06 00:00:00,SRV004,49.68118679122963,67.44776283798657,52.011583528674365,22.00980776297027,434.25337022914624,2592.0485926388146,4.214622441666996,1,0,0,None
2026-08-06 00:05:00,SRV003,19.417067079047285,64.44523983743665,41.44245522044738,30.026380617726396,522.9429576063878,2188.650944043896,3.8213012992839825,1,0,0,None
2026-08-06 00:10:00,SRV005,46.964276908459,48.023776904818774,47.21969903650089,26.73695123262628,450.1674718809718,2417.9421141139114,3.7635918099744297,2,0,0,None
2026-08-06 00:15:00,SRV003,41.48448956117572,79.28338306263913,76.09733099457206,29.368548232064438,366.43327287679347,3032.7726057513255,5.038124894284034,0,0,0,None
2026-08-06 00:20:00,SRV001,78.63516388255991,63.64846392967584,55.8750987006056,29.07073943060657,433.3716807746512,2183.24239700851,4.520332399344379,1,0,0,None
2026-08-06 00:25:00,SRV001,29.458320821600353,72.4641821963296,42.972306800192825,24.680110556965975,492.9426333932173,2036.550410721207,4.3001276708391005,0,0,0,None
2026-08-06 00:30:00,SRV005,33.37973800398919,57.47971277538441,51.2227366009841,24.255613784474107,539.3401326442581,2472.231693456767,3.8787235675281178,1,0,0,None
2026-08-06 00:35:00,SRV005,71.6495446465855,63.35155618420235,35.830868546001255,28.966065304347012,406.76899370655667,1991.2450944596435,3.1965540584630157,0,0,0,None
2026-08-06 00:40:00,SRV004,75.35144736195944,56.331476400766455,42.83008369431745,26.09025291176846,255.2489356147056,1724.7475953455478,4.476431831560396,0,0,0,None
2026-08-06 00:45:00,SRV001,43.82525591911538,77.35998482763394,71.32407686855744,29.80928783839949,248.2197742578098,2344.9897703163324,3.8865764880308125,0,0,0,None
2026-08-06 00:50:00,SRV002,45.51871265786634,68.11409347450676,53.29021090736074,26.46539717141093,387.3587389883113,3151.8798480537657,3.45369859170612,0,0,0,None
2026-08-06 00:55:00,SRV001,64.24353094829969,68.67053526680888,77.68876211321447,30.070229332344866,186.20984988520271,2482.628156855398,3.6541157278473833,1,0,0,None
2026-08-06 01:00:00,SRV001,20.09350304582035,78.58184147104978,53.85582593804733,28.269913452627307,599.5104465736831,2580.359692501696,3.220290460257111,2,0,0,None
2026-08-06 01:05:00,SRV002,27.082094732416657,76.56341296899024,54.568255645702045,27.863924981142446,479.69332313997336,1541.4332388319935,4.434397425791517,1,0,0,None
2026-08-06 01:10:00,SRV003,50.788998987239324,72.65342536136285,62.69072990250548,25.877966403779176,356.43329905027554,2697.1564715984264,4.2098222498730715,0,0,0,None
2026-08-06 01:15:00,SRV001,78.2483584919369,50.78272652962537,22.928949013367188,27.69728284218455,309.0352405991204,2542.0146375894064,3.9089794769170103,0,0,0,None
2026-08-06 01:20:00,SRV005,48.46404867749891,58.043208804833164,57.459271883842895,30.57855814485813,522.811909597611,2200.7883273822904,3.7743286558248377,0,0,0,None
2026-08-06 01:25:00,SRV003,56.51405187602732,54.96111863988647,54.41216214326858,26.837353624010042,308.63628443489944,2581.022712131068,3.391598673650094,0,0,0,None
2026-08-06 01:30:00,SRV002,72.00683908846018,72.27533693625799,72.83246672218178,28.593523331051564,318.1773236398948,2576.554727721082,2.5219564137448875,0,0,0,None
2026-08-06 01:35:00,SRV003,86.6032709991722,66.70651941750052,66.57615272996341,27.13908022874912,343.40540599733083,2023.230432238929,2.95224386200396,0,0,0,None
2026-08-06 01:40:00,SRV004,46.347272902775316,51.094875663694054,41.395699773438395,27.373812128236267,431.40874145743254,2649.334177050959,3.354412796288426,2,0,0,None
2026-08-06 01:45:00,SRV002,54.74744914399861,63.11255786988772,69.90566342353097,32.17023227081489,482.0797439147398,3038.7109401372195,3.2642201707916882,1,0,0,None
2026-08-06 01:50:00,SRV001,82.33082832014264,50.058876642812216,51.85222569302806,30.605190093118654,539.2672233415663,2397.4263360369177,3.973616374769639,0,0,0,None
2026-08-06 01:55:00,SRV001,32.16701087212857,64.4684351193024,44.14656128444746,27.238211445587154,524.4971298946701,2109.5826089033017,4.286896245183993,0,0,0,None
2026-08-06 02:00:00,SRV005,70.41371605830733,48.44627496012815,57.36523901045443,27.6433622638081,420.0773709234742,2420.088968589222,3.7229364686593787,0,0,0,None
2026-08-06 02:05:00,SRV001,39.72526701458113,70.28827493384613,52.56676773203418,24.894388489347094,522.0521973756333,2884.5759377789927,4.6453501610728605,0,0,0,None
2026-08-06 02:10:00,SRV004,56.53708550654735,68.77962626034073,73.46158376834228,26.48108536120514,352.90003860236396,1948.1565223162274,3.3302613682480215,1,0,0,None
2026-08-06 02:15:00,SRV002,51.36071428899589,84.07948493346882,59.08746434189452,27.928193362645846,237.91339855380335,2760.3512164528815,3.718677723951033,0,0,0,None
2026-08-06 02:20:00,SRV004,40.62982598948156,73.47873289497342,57.46790705063207,29.551840768707383,352.88689282894916,2194.893493665784,3.7694076924334423,0,0,0,None
2026-08-06 02:25:00,SRV001,40.253471085125874,60.77085744177497,65.80776499426528,29.247662690732756,339.37394857237126,2608.9283866208816,4.455311797300651,0,0,0,None
2026-08-06 02:30:00,SRV005,59.146215463806314,73.18070093274486,68.11445941711254,23.67222283228647,356.8012928200823,2246.0509262294963,3.8635322492493067,0,0,0,None
2026-08-06 02:35:00,SRV004,69.93308992244023,51.023361190548215,64.40326113156759,29.930948192035896,324.0625270758111,2244.8423702132977,3.880141348734877,0,0,0,None
2026-08-06 02:40:00,SRV003,53.05395695217245,55.375273963189144,72.03356167377945,26.73367896186734,373.8890422420288,3185.3927123057715,2.807094130995247,2,0,0,None
2026-08-06 02:45:00,SRV002,56.05169738099825,68.3314253207511,62.30418895496546,24.039025932967387,482.0017214093578,1865.9110342599288,3.2600559744735467,0,0,0,None
2026-08-06 02:50:00,SRV005,63.56761099436571,43.41750337252073,57.011817576720425,31.009154212295766,591.5257102662572,2718.414779895495,4.457571364218549,0,0,0,None
2026-08-06 02:55:00,SRV002,40.4257184048056,64.62839215066117,69.87006474505635,31.38983699021386,247.46535257409766,3279.095984914579,2.5547946418416894,0,0,0,None
2026-08-06 03:00:00,SRV003,66.09538762619384,54.797367078815796,53.909246319014336,27.79124094702198,291.22653730992556,2808.48486691277,4.605795591458376,0,0,0,None
2026-08-06 03:05:00,SRV002,67.2901464558962,66.01307055153264,55.398958196135936,29.126380805715705,340.85537412718327,1901.0063414323681,4.099798693372538,0,0,0,None
2026-08-06 03:10:00,SRV002,94.05439448125614,54.22263641952736,75.65892300756298,29.302347626233296,496.57418774365925,1923.2887709880674,3.3514872029817466,0,0,0,None
2026-08-06 03:15:00,SRV003,49.35843714160627,69.24248137455189,74.46308953546277,31.187316458436754,399.505255702695,2161.7685805091196,3.3007706141556272,0,0,0,None
2026-08-06 03:20:00,SRV001,48.128772974978084,65.1932742366739,54.901890316920124,29.184205576295174,347.58907768963775,2571.0585601839434,4.937573179908984,0,0,0,None
2026-08-06 03:25:00,SRV001,66.53448807360618,79.0036591688133,49.557381072332596,23.016935167684295,491.67330077054214,2601.6742123400736,4.646843483887652,1,0,0,None
2026-08-06 03:30:00,SRV002,67.28656253368207,65.06734534101622,72.55808200250198,33.02942324691338,515.6390266341969,1927.7365505651383,3.7283355370739013,0,0,0,None
2026-08-06 03:35:00,SRV001,46.97369269934932,57.31357195038534,64.60502029498257,30.19697066844013,418.12400405763697,2107.259143698865,3.8807550376714275,0,0,0,None
2026-08-06 03:40:00,SRV003,48.95255984604927,62.53114144172717,58.786975050368355,25.471427384181705,338.3780773379456,2134.832880858991,3.4122911834538363,1,0,0,None
2026-08-06 03:45:00,SRV005,63.116962573270605,51.557636029832686,51.13752747772067,23.91112478292777,447.02795672353926,2418.663936348298,3.880870386695663,0,0,0,None
2026-08-06 03:50:00,SRV001,42.58623638898008,69.0613725470544,58.98035894457513,28.514440291212253,396.6731791547433,3393.1129557809836,3.395657786858423,0,0,0,None
2026-08-06 03:55:00,SRV001,48.841990179774776,70.89850246315272,54.73949848134757,26.16521988489726,395.89867562145395,2080.0658204694487,3.7528741854954917,1,0,0,None
2026-08-06 04:00:00,SRV001,56.34389151052652,89.69196036692819,47.02794184512405,27.989986061996877,368.7599781398164,2060.3689750888952,4.886197627858845,0,0,0,None
2026-08-06 04:05:00,SRV003,69.93908027233387,58.78164009395595,56.54850794304682,29.23022052383479,512.4983247322089,1990.08686718527,3.7426315720697443,0,0,0,None
2026-08-06 04:10:00,SRV002,45.93102075730689,62.32205426324817,58.18508854767529,25.300674336009614,444.9880226326794,2785.9950570590045,3.1711868712358235,0,0,0,None
2026-08-06 04:15:00,SRV003,27.36423306953992,59.242414755617844,50.49525919695723,23.651676021946987,523.570088188963,2481.396281640204,2.9801767712090155,0,0,0,None
2026-08-06 04:20:00,SRV001,26.251037987226837,67.12113701131224,65.84590826331421,28.157455403615934,553.6326145478126,2096.6980533235187,3.8762706544186876,0,0,0,None
2026-08-06 04:25:00,SRV002,36.108803999407996,68.81690534479614,70.46598870773187,25.399836434169078,465.89807688666406,2336.7419872997507,3.3434629073043256,0,0,0,None
2026-08-06 04:30:00,SRV003,35.302484227000946,64.46625155571489,66.63877232386496,27.438287357197193,369.3522885114848,2143.8203645690346,3.9479618851895215,0,0,0,None
2026-08-06 04:35:00,SRV003,52.680838620701365,75.86325916873032,51.68501937743206,22.970020689113205,524.0326232219785,2633.1510765351604,2.828298144122872,1,0,0,None
2026-08-06 04:40:00,SRV003,37.16679769603593,58.83020496245223,64.06985805026046,26.243451826576088,466.56647022783545,3707.969473058351,4.214150080745529,0,0,0,None
2026-08-06 04:45:00,SRV004,44.458675602681936,74.86174047890712,55.93553676952048,29.14485567311999,680.3367776807639,2747.8889825615065,3.163901076924197,2,0,0,None
2026-08-06 04:50:00,SRV003,43.38871172526925,70.38497853641083,40.17104825720858,28.817797522940392,451.0102888494686,2458.155168201686,3.8277783555664033,0,0,0,None
2026-08-06 04:55:00,SRV005,48.3923820872801,64.87970080101053,63.072752541972946,24.634926087380194,489.7688039014084,2200.7610306304214,3.5970180695360168,0,0,0,None
2026-08-06 05:00:00,SRV003,74.83756497284683,61.850633592428544,56.75357969148338,23.495206892045843,449.0423891296032,1895.4699631518176,4.831033377367321,1,0,0,None
2026-08-06 05:05:00,SRV002,64.92921384145775,89.2666775873137,86.12257602483169,27.047291069255376,410.0901408131882,2830.160379131366,3.902893504057716,1,0,0,None
2026-08-06 05:10:00,SRV002,55.24194122914006,56.82991349257921,72.48725035934272,28.683098391058227,394.12084504124334,2805.709380264844,4.967283168868756,0,0,0,None
2026-08-06 05:15:00,SRV002,48.08460579128743,67.97933176968415,63.53380188321429,28.215525420577652,449.4243844658567,2290.254551489137,4.136445440037452,0,0,0,None
2026-08-06 05:20:00,SRV003,48.50151015065468,57.49780929757868,57.990046015458155,25.46352046691607,472.1175751813855,3046.000292324178,4.655243553387487,0,0,0,None
2026-08-06 05:25:00,SRV002,59.91619704927924,82.85620748621307,56.964667060696215,27.89347332745981,535.4387899644425,2509.498122498288,3.6747210761462474,0,0,0,None
2026-08-06 05:30:00,SRV005,63.76253610028435,73.86826328799204,42.95572715640271,31.507066413827985,450.8850558303764,2848.6423309278107,4.007301829694193,1,0,0,None
2026-08-06 05:35:00,SRV003,41.385737408490996,58.21650121158856,34.13215327360107,27.615434061927083,373.7110824574771,2633.288650914855,4.531186153411373,1,0,0,None
2026-08-06 05:40:00,SRV005,55.54721133421347,70.12594993431229,44.52929069102122,22.10055619254414,387.31460034010166,2420.288854055063,4.342975969150429,0,0,0,None
2026-08-06 05:45:00,SRV004,24.525706470054594,67.57695721276555,54.427395781954836,27.609601014301926,287.70630570968194,2070.301924911631,4.118595966910741,0,0,0,None
2026-08-06 05:50:00,SRV002,58.17570676255895,59.83375238025261,29.73352866149219,33.131870913637826,586.121384357231,2434.5085334367977,3.603239100327363,0,0,0,None
2026-08-06 05:55:00,SRV002,66.4322386293803,72.58164217228173,48.46813849272701,23.137827560653214,365.88263864791514,2878.9228010026814,3.7047341037159676,0,0,0,None
2026-08-06 06:00:00,SRV004,50.798970596786866,68.8930539110441,52.02864360250689,27.089173985487065,516.7440460137907,2271.339199645258,4.482597170962014,1,0,0,None
2026-08-06 06:05:00,SRV002,82.24790494210158,67.15698713885952,52.414881358174505,26.320993700903596,447.65508574425337,2697.88362802143,4.607546749239284,0,0,0,None
2026-08-06 06:10:00,SRV002,41.781423288459244,64.58080288757671,47.059316821742264,27.28764887782519,450.3731830839407,2012.7688530891985,3.444282362432196,0,0,0,None
2026-08-06 06:15:00,SRV005,58.26160622954892,69.31054492599651,50.901834227423194,27.582756459461315,408.2552124727663,2851.026251258661,3.353744615387018,0,0,0,None
2026-08-06 06:20:00,SRV003,54.46262880001067,67.2938766149246,75.68672593748634,30.419915958188774,341.22011113733265,2640.8236014204826,3.2575197270378697,0,0,0,None
2026-08-06 06:25:00,SRV001,53.49553498834887,65.59093333025017,62.94574337788724,27.25434985920243,323.1464599508025,1959.0501585235745,4.297820369438093,0,0,0,None
2026-08-06 06:30:00,SRV003,53.28516747992879,58.58984084012437,48.2763906772222,30.83177867163614,592.8465388804937,2399.1934644152743,3.2423149867624885,0,0,0,None
2026-08-06 06:35:00,SRV003,56.606575450142074,81.93766240762493,54.17982653965644,26.647033023640553,431.3961078837246,2919.148409193266,4.290562043613049,1,0,0,None
2026-08-06 06:40:00,SRV005,67.7193811519555,54.49580056651453,54.660239972172796,25.9495896780761,532.5267746187651,1933.435356706049,4.127414205872608,0,0,0,None
2026-08-06 06:45:00,SRV004,75.66604354412117,69.27636218879745,45.78453479511819,24.99245105088418,558.4906937645251,2018.0723926187795,3.4729448933805314,0,0,0,None
2026-08-06 06:50:00,SRV001,54.96624633243764,61.79759257698567,45.77043738707374,21.548738912639543,378.9153069900786,2468.726370346078,4.738315588310759,0,0,0,None
2026-08-06 06:55:00,SRV001,67.22974108257449,82.595472694493,67.12628824392056,27.82734423577752,462.3505765927844,3459.998828694487,2.9226446551392637,1,0,0,None
2026-08-06 07:00:00,SRV004,44.47349580599826,55.96517462776159,49.96258746979821,33.16200086541553,424.5010775491348,2197.3398621822257,4.795719559855136,1,0,0,None
2026-08-06 07:05:00,SRV001,66.48933179089349,57.64736738239668,41.86364335562954,28.374706431857582,304.2786196983111,2722.873299813473,3.9913315185472977,0,0,0,None
2026-08-06 07:10:00,SRV002,43.57012714259515,55.301819367381746,54.48231587116669,29.060242062485038,401.4520024095744,2617.060933420608,2.555920186004785,0,0,0,None
2026-08-06 07:15:00,SRV001,71.35989904132198,68.2346505095061,56.41611703754948,25.760906024956636,478.75065902392276,2234.7160448805053,4.755127781492968,0,0,0,None
2026-08-06 07:20:00,SRV001,88.1596131608986,51.26949340431358,31.327549309673977,26.26699982617899,370.0970744989142,2572.510008303194,4.383327502531993,2,0,0,None
2026-08-06 07:25:00,SRV005,53.16874168042912,60.214715052422335,54.51104370619368,29.953924464999787,387.51568046281386,2298.4744020572703,3.543072989952177,0,0,0,None
2026-08-06 07:30:00,SRV001,22.11184763788887,43.47634177145715,65.41575921217913,33.02608092086946,402.6633144614355,2338.98784444757,3.221167660855162,0,0,0,None
2026-08-06 07:35:00,SRV001,46.778906001327655,67.40421354128091,60.414752626262,31.46384380739046,631.1529331310103,1752.42764375209,2.858559953696969,1,0,0,None
2026-08-06 07:40:00,SRV005,73.47812701433955,59.99785141243737,81.75754138233965,29.415733889184068,236.59510628955604,2489.0036943101554,5.249267697086235,0,0,0,None
2026-08-06 07:45:00,SRV001,63.29615180537867,50.11943256068147,70.01331378774614,27.105451738171528,470.1643299027259,2904.5920779801477,3.2459708755028935,0,0,0,None
2026-08-06 07:50:00,SRV005,58.73370398012544,75.85609402974059,72.38720829701025,27.62915674280197,394.6660922747835,2525.8415986508585,3.0418468627994444,0,0,0,None
2026-08-06 07:55:00,SRV001,70.13002533932259,51.923331016150605,88.60103123097193,24.739478041715238,355.93450914975665,2990.7284923700936,3.9607514746100896,0,0,0,None
2026-08-06 08:00:00,SRV001,62.26680158872633,72.96943690028215,64.09787514129518,22.655497436092027,392.21242928437346,2761.1473506752577,2.817263919943331,0,0,0,None
2026-08-06 08:05:00,SRV001,73.26587781176704,57.989591760121954,56.95684249519241,23.61960492672018,486.7376243833423,2473.206412151401,3.211070960933266,1,0,0,None
2026-08-06 08:10:00,SRV004,68.79135514970478,81.01571377895425,66.68488352117598,27.149400103565814,492.45235940205606,2217.4335011469316,4.396981516496281,1,0,0,None
2026-08-06 08:15:00,SRV004,77.82550679105438,72.49550538926147,48.289162799260076,26.12402321571997,438.60171224347533,2281.181328087368,4.0785263568916275,0,0,0,None
2026-08-06 08:20:00,SRV003,60.38194125859381,54.91952129125972,56.29223583393963,22.591674885840945,529.2741316456627,1838.2702867282956,3.5681780241563703,0,0,0,None
2026-08-06 08:25:00,SRV002,68.57889102240932,55.829174477896935,47.22726828306023,26.888029862850793,546.8832995100577,2379.8144994557533,3.8109840037588274,0,0,0,None
2026-08-06 08:30:00,SRV001,50.39309390371322,71.0552520522431,59.77581469075458,26.044709026602167,501.6375941950614,2565.699441353869,3.5345176818799975,0,0,0,None
2026-08-06 08:35:00,SRV003,45.97808782661491,62.376218692898334,47.17709094376216,23.48145343414776,365.3807548852781,3271.939494009655,3.762801314378576,0,0,0,None
2026-08-06 08:40:00,SRV002,80.6015146062846,63.30657492978634,46.75685800165939,25.88946296813979,469.44415492128763,2737.7441454754944,3.3429131704642083,0,0,0,None
2026-08-06 08:45:00,SRV003,58.24307014484032,77.72238861772098,59.96167951726605,26.03714099785097,469.92006591385694,2110.81570893791,3.4518564082835432,0,0,0,None
2026-08-06 08:50:00,SRV004,67.07320848793569,57.513111266300434,53.347462710633195,25.1500885802266,338.43685663534484,1852.2842760165372,3.43359311747274,1,0,0,None
2026-08-06 08:55:00,SRV005,56.85610021617085,65.91293772175455,31.869746371399035,29.78001049432782,263.0561105945742,2407.0515607579423,3.364483488886547,0,0,0,None
2026-08-06 09:00:00,SRV003,46.20226523620053,74.54627793652305,37.53331694425492,21.291295313720063,217.72243786254444,2865.294001072487,4.426346597849889,0,0,0,None
2026-08-06 09:05:00,SRV001,55.16474338873602,73.091174883856,41.23280210246244,21.042603027867088,426.98554901121514,2400.7226484875255,4.262070435207832,0,0,0,None
2026-08-06 09:10:00,SRV002,76.5399102665157,63.403873324793274,44.404337126632306,27.009857353347275,449.8039714866918,2743.892878752518,3.2405820389654303,1,0,0,None
2026-08-06 09:15:00,SRV005,63.32860111419136,62.110941191473415,59.97307995374366,27.288381568176916,301.82184223475855,2418.493547836515,3.083363724474457,2,0,0,None
2026-08-06 09:20:00,SRV003,29.327902604043114,47.61184537479068,57.627266164859634,28.212645408056922,524.6032332551363,2822.6501956220195,3.7056340141216304,0,0,0,None
2026-08-06 09:25:00,SRV004,51.77133315135768,54.43755007334804,67.78335246039039,25.383079475162717,435.2218149296412,1781.2338897824525,5.093172558973728,1,0,0,None
2026-08-06 09:30:00,SRV003,81.73440689057068,68.18359226574734,64.03362187530125,24.246228584723006,554.9452614915352,3221.881954065745,3.183376877782071,0,0,0,None
2026-08-06 09:35:00,SRV001,51.79304707225066,63.62117811057764,67.8628354741919,26.97805160191516,457.0535869983591,1999.3824482993302,3.703265366177576,0,0,0,None
2026-08-06 09:40:00,SRV005,27.99281962398729,65.74927078566226,62.30075429750948,25.675265593956013,313.3666428120849,2857.1795483784,3.853232248230597,0,0,0,None
2026-08-06 09:45:00,SRV004,83.39573328133815,75.3925360963406,57.516151709097876,31.653214213967082,465.8281213290149,2377.5172023989703,3.73481469557291,1,0,0,None
2026-08-06 09:50:00,SRV005,65.23588764719189,53.126768909377255,68.19222090745187,26.027318250224425,487.01106948721014,2447.8774448348945,3.5250740754683068,0,0,0,None
2026-08-06 09:55:00,SRV005,53.94980711780799,62.6381969776735,66.03295350088119,26.840444544848765,365.2376414112994,2391.5041423134335,4.493047983319133,0,0,0,None
2026-08-06 10:00:00,SRV002,49.42873395876897,66.88710963411218,59.5131444106479,34.426254418793825,275.7907002690125,2615.022063273172,4.072675173766072,2,0,0,None
2026-08-06 10:05:00,SRV002,71.23527894687604,57.95840062425484,70.25286245032171,26.41571931980794,430.02960643066064,2705.8860444764027,4.307483194247045,0,0,0,None
2026-08-06 10:10:00,SRV002,46.87024899660711,79.31477113927417,26.85054108995924,28.66847059559727,319.9155364683815,2976.2626803203807,4.153627969799798,0,0,0,None
2026-08-06 10:15:00,SRV005,72.22384636773982,74.08586801613147,51.5144419103146,28.93892830015906,532.0887663061131,3133.57699716882,4.336368993083592,0,0,0,None
2026-08-06 10:20:00,SRV003,63.13292928586384,67.90133327088756,51.33051441217923,29.194204931154644,379.2823319573407,2649.319696049516,4.750643499784438,0,0,0,None
2026-08-06 10:25:00,SRV003,58.67022888231025,82.94231779328587,68.83219452977885,27.868461796233756,592.4601106493299,3271.1534076257367,4.598626380073,0,0,0,None
2026-08-06 10:30:00,SRV005,57.18272208003393,50.01104720389858,73.85673996340924,27.58152238323153,207.58413324811642,2541.837644270115,5.194882375757548,1,0,0,None
2026-08-06 10:35:00,SRV004,52.375479449287326,64.92273718894319,37.597847557476854,27.301002869511347,433.4795604145148,2984.848163013816,4.530404768844315,0,0,0,None
2026-08-06 10:40:00,SRV005,70.68460180313899,68.66336968934061,71.93400608979131,25.27201829329868,562.939264010132,2692.9238528077663,3.3983319340834957,0,0,0,None
2026-08-06 10:45:00,SRV005,42.01985751847249,55.854449532060784,40.94265776768477,27.976556408517805,330.9695684112703,2252.8579158585853,4.308387225083497,0,0,0,None
2026-08-06 10:50:00,SRV001,30.67112309754686,68.00714541817729,41.305417053270126,33.08593751227377,404.0799064372965,2581.5553694709297,4.226261107390757,0,0,0,None
2026-08-06 10:55:00,SRV002,64.21660184338712,53.93417506212122,52.18857157207162,30.632045726890674,379.6964285635956,2726.4273448791064,4.952176943139313,0,0,0,None
2026-08-06 11:00:00,SRV004,64.46857492100722,71.90557318274253,51.18152233440898,27.91175406667391,351.62323578477174,2485.5108408688266,3.2197048899942264,0,0,0,None
2026-08-06 11:05:00,SRV005,62.2036172876765,75.57834768128907,36.29899264339748,29.56748939431797,444.4622641114281,2685.7854330989003,4.134770648835762,0,0,0,None
2026-08-06 11:10:00,SRV001,61.11592554427058,67.72333401128328,62.798535681910806,24.392472273808043,290.45783990008965,2889.413331697103,3.391357793139825,2,0,0,None
2026-08-06 11:15:00,SRV002,50.19189432493678,46.47202184935054,63.15282909671922,26.218463537400844,408.9031218669774,2489.4820861018484,4.107527062460081,0,0,0,None
2026-08-06 11:20:00,SRV003,66.81224056578287,55.33206478833965,67.64849915396405,29.843549532552167,471.5994237684573,1175.2505490928836,3.671152001240168,0,0,0,None
2026-08-06 11:25:00,SRV004,54.31662809868189,70.6471000321316,49.79853604266562,31.461501580374573,398.49062886133567,3255.2215681720168,4.0876812825145326,2,0,0,None
2026-08-06 11:30:00,SRV001,47.69329658777233,65.21198643512366,54.52500742033062,24.687401483713867,319.97958000142245,2366.0838564008523,2.9537970883511453,0,0,0,None
2026-08-06 11:35:00,SRV004,50.321630316169,38.05997382307512,54.63487402116829,25.54923507173053,523.0185398601502,2129.523900625466,4.275935888933539,0,0,0,None
2026-08-06 11:40:00,SRV002,85.30959548163747,77.42830383868241,75.25594529762157,33.54412738163561,493.025696161685,1994.1503669562321,3.92363570911166,0,0,0,None
2026-08-06 11:45:00,SRV002,28.975358769318508,66.36656506253833,20.989062608401383,27.288783749306916,315.88128286962586,2348.5993439498598,3.891315729063143,0,0,0,None
2026-08-06 11:50:00,SRV003,62.496821564436985,56.80925335999955,43.51666781213076,32.470085918101134,290.5892434977459,2246.763475907358,4.970136979908398,0,0,0,None
2026-08-06 11:55:00,SRV003,29.81334358564424,74.94955597566664,55.06649011350157,27.620571951827376,324.8075584006176,2168.345741251889,3.570509961039306,1,0,0,None
2026-08-06 12:00:00,SRV004,53.3764999251554,58.22459987093101,41.97315718101396,27.738540846976306,474.5273165487215,2193.043178569942,4.005359254863189,0,0,0,None
2026-08-06 12:05:00,SRV002,48.49558772268718,58.11547882395785,51.90015571274659,26.083527337020307,447.5572898962546,2738.38427082692,3.8601624194235526,0,0,0,None
2026-08-06 12:10:00,SRV005,23.72457554980183,68.58352651014036,53.48709356356109,29.827665424530686,499.0082712445714,3413.6635484513954,3.9188234961444395,1,0,0,None
2026-08-06 12:15:00,SRV001,60.83556385650645,82.81038459242295,47.10776669449037,31.073332650912,387.3849781949385,2869.2572191067056,5.133082342785667,0,0,0,None
2026-08-06 12:20:00,SRV005,49.29942906711706,81.23587177972887,55.77362711323207,23.894993309577398,327.52657624998926,3005.1691831395565,3.838284255448249,1,0,0,None
2026-08-06 12:25:00,SRV001,23.511904861581343,68.59711498904106,62.537791333093764,25.94264834333869,511.8846488414499,2330.1654858489674,3.459632120307042,0,0,0,None
2026-08-06 12:30:00,SRV004,67.59352136161378,69.6238565885032,52.16480265962797,29.745235573122663,364.6551486548836,2547.09941449776,4.922541677268333,0,0,0,None
2026-08-06 12:35:00,SRV002,76.52509266983402,72.91498932084825,49.56166319237517,26.611354086647015,438.65480558539787,2691.917081903629,3.6153867407366223,0,0,0,None
2026-08-06 12:40:00,SRV002,77.35186513444859,52.430163246306506,53.010821000153534,25.51984359440037,265.0075160884626,2203.1989478607534,2.836893111674567,1,0,0,None
2026-08-06 12:45:00,SRV001,60.38434660977207,71.44148337151982,54.910763840252926,30.028626461608205,363.01895756772007,2308.4214682528973,3.3554937761426893,0,0,0,None
2026-08-06 12:50:00,SRV004,55.69087207865673,57.65926531856472,34.11616521598694,30.310359614137532,520.9396320941513,2884.5483812498846,3.0520475035742862,0,0,0,None
2026-08-06 12:55:00,SRV001,74.92234931343695,68.18478066796581,60.538647015535346,25.651073727983583,348.3725433330143,2990.631739795049,2.720020720211329,2,0,0,None
2026-08-06 13:00:00,SRV004,80.23575378010148,62.72532372392663,49.58798524663847,27.63709958396384,501.45038214514994,2530.334621281866,3.582190997379119,0,0,0,None
2026-08-06 13:05:00,SRV004,72.00353054313437,70.01208327114215,70.13842089773262,23.374575612287302,186.89803038118063,1962.1792686495733,3.7578704208359404,0,0,0,None
2026-08-06 13:10:00,SRV005,40.876935966552985,66.1810346500646,62.092641707709696,24.313557268563905,364.0608340356814,2366.983607552054,4.508316749077344,1,0,0,None
2026-08-06 13:15:00,SRV004,58.020172798223825,34.269697291787004,69.04079685063586,27.37249569640014,402.86453541218674,1851.4009894723577,4.177640967237239,0,0,0,None
2026-08-06 13:20:00,SRV002,61.59274216437143,66.78891711705181,42.8679544754211,27.09422036273953,594.2540303342405,2533.8410844256273,4.1503005848772,0,0,0,None
2026-08-06 13:25:00,SRV004,27.85574546624156,71.42152952299263,50.54336030575088,24.099371724808098,303.0937119985548,2614.9314000721383,3.264073996881368,1,0,0,None
2026-08-06 13:30:00,SRV005,62.04040989431161,69.45928348338454,40.09049815051109,24.852078225823274,487.09932954470895,2378.1803105330005,4.330959957178469,0,0,0,None
2026-08-06 13:35:00,SRV002,89.09487738969084,63.9741405379142,46.53770549284809,23.804866890133322,525.6931781248794,2608.7700500724422,4.634739701839241,1,0,0,None
2026-08-06 13:40:00,SRV001,64.59904248701187,81.42161691930406,70.0252650941031,28.36517957073963,347.85103527557254,2687.6055575877276,4.036742534927696,0,0,0,None
2026-08-06 13:45:00,SRV005,77.10119622162634,68.11373129121661,72.84988693506995,21.0970824099243,382.647605122731,2615.5879193082055,4.053510521778755,0,0,0,None
2026-08-06 13:50:00,SRV001,57.74372095193058,69.37673300193106,41.222400462346485,23.965268311319413,434.16287738119036,1959.3113684663817,3.0411846201800126,0,0,0,None
2026-08-06 13:55:00,SRV003,53.901725140242675,75.44491894050569,49.500667980192596,21.411175356503037,271.85150328074707,2386.0310535192875,4.432661484563196,0,0,0,None
2026-08-06 14:00:00,SRV002,60.71907085121463,68.625929996966,54.08565193571261,28.25706181157394,374.4896788138643,2684.4293402198205,4.868498329256852,0,0,0,None
2026-08-06 14:05:00,SRV001,42.762600280233514,56.01982246585796,62.02726770171738,21.591799349835895,547.6112040946416,3210.4202970877,3.993771439428102,0,0,0,None
2026-08-06 14:10:00,SRV004,40.54337219148417,40.616625862203776,33.88227683756209,27.09518759560662,472.26548108644204,2377.6334123925863,3.443385632979509,0,0,0,None
2026-08-06 14:15:00,SRV001,73.99456835754049,60.22879097981919,35.76399902165874,31.91857204724227,404.3248710516757,2747.8780902016492,3.702803086407294,1,0,0,None
2026-08-06 14:20:00,SRV004,75.58513514299777,72.60945525881117,60.87551372646883,32.020301943812704,431.30723618364834,2895.1683603657207,3.5477475709924473,1,0,0,None
2026-08-06 14:25:00,SRV004,40.13340526618974,61.46903668582194,31.611537172984907,21.582277292463537,478.09053655297714,2411.5175357323483,3.583730208103823,0,0,0,None
2026-08-06 14:30:00,SRV001,69.51998206830797,73.0117837228173,49.63843112633356,27.895228804892866,497.24101479101137,3016.7834863693033,4.188789838216436,0,0,0,None
2026-08-06 14:35:00,SRV001,53.695600365909684,66.48728175920273,56.94510170270609,24.033086110858637,364.3585852620898,3040.9782241439034,3.967678467002205,0,0,0,None
2026-08-06 14:40:00,SRV004,60.09712861735646,77.88066070262184,59.9879916391974,23.420591892869226,573.4720943279669,3121.1731303275355,4.4023619635828215,0,0,0,None
2026-08-06 14:45:00,SRV003,61.90327959152595,62.04783292879339,53.299382853474015,26.659590136829777,551.6348201204661,2706.2944760434893,4.022541526866933,0,0,0,None
2026-08-06 14:50:00,SRV001,69.91525702186478,69.67614826567689,50.61091937142963,30.684873470799374,487.7257630353213,3562.061762345891,3.2815472156130903,0,0,0,None
2026-08-06 14:55:00,SRV005,56.24077302794783,70.05885064535359,65.13485031659775,28.798976622661073,335.7040134154109,2223.1225992560467,3.4995847856903657,1,0,0,None
2026-08-06 15:00:00,SRV002,76.15242992952903,80.01601872631193,58.42247111638909,24.85457721455136,317.9776093229407,3455.834913780523,3.4622953563272856,1,0,0,None
2026-08-06 15:05:00,SRV001,59.641192596398874,47.93362693665722,47.23580053658248,29.11510199223001,387.3396203403407,2845.734769896295,3.688117954028929,0,0,0,None
2026-08-06 15:10:00,SRV005,64.36276408704299,60.415917254468425,55.45267476018686,20.26887500435496,426.0765097644411,3103.1742998620234,4.876828214848753,0,0,0,None
2026-08-06 15:15:00,SRV001,42.5010611269413,73.48516105388504,59.59802827187431,24.74116260470028,243.15081344409478,2355.98301045623,4.972939754988577,1,0,0,None
2026-08-06 15:20:00,SRV003,87.37988516057251,80.45896479778648,75.61884689741657,24.528325365896247,469.46931335452564,2880.0136163336933,4.301960720267951,2,0,0,None
2026-08-06 15:25:00,SRV005,62.04737384807449,67.4007151264208,64.43588401949896,27.234962075216792,548.7462263848472,3142.1383736489634,3.8712582781001705,3,0,0,None
2026-08-06 15:30:00,SRV003,65.6949613801765,62.07295835578513,69.57468227144733,26.39151610902,477.64741398308774,2010.6886103242575,2.983008668297363,1,0,0,None
2026-08-06 15:35:00,SRV003,30.877212831826878,72.57118368674445,47.67271124440444,26.575586719140347,352.39471971957647,2426.5031731830613,3.9320049834380497,2,0,0,None
2026-08-06 15:40:00,SRV002,42.65946965381349,73.68702675231683,48.70980512493997,26.475841409681586,340.55966025995093,1536.4362902959656,3.325995622137768,0,0,0,None
2026-08-06 15:45:00,SRV001,73.56825531878096,61.403383213326926,52.175440086244116,27.06722172296726,449.98523441740787,2419.7501604178797,4.778313137939552,0,0,0,None
2026-08-06 15:50:00,SRV003,59.30336677438907,68.30307312177547,53.27712824034203,28.62039290087467,404.669628466182,2132.7963129429613,2.8363365861257064,2,0,0,None
2026-08-06 15:55:00,SRV005,26.293303977566108,76.8052726241197,42.90370050636531,27.44799307830715,464.3041174255908,2402.004540414969,4.030690599998071,1,0,0,None
2026-08-06 16:00:00,SRV001,70.57434893475728,83.90458993274451,70.19120351868182,26.146944550186326,480.1721372605635,3815.6395109220966,3.275456373409779,1,0,0,None
2026-08-06 16:05:00,SRV005,46.84325793470915,72.42604959235292,65.60021965310551,28.20524483941435,529.1890528894662,3273.0115780587394,3.7942908887099165,0,0,0,None
2026-08-06 16:10:00,SRV003,76.16975478815068,65.44138896665594,51.331865664381915,29.478370630958292,306.78765710704783,1852.2486084847155,4.1996409141866335,0,0,0,None
2026-08-06 16:15:00,SRV003,53.6824648209445,64.45924823962092,62.70052778816624,25.33192232783211,442.1618947849312,2750.082235719732,4.413181213269258,0,0,0,None
2026-08-06 16:20:00,SRV001,58.07060029030795,70.57396557193623,57.674789956046055,26.821791807981974,383.6524996038677,2859.518989176657,3.763585879441051,0,0,0,None
2026-08-06 16:25:00,SRV004,72.68431867887472,63.8432715752055,63.637935771176494,30.48571968913976,410.1364956064639,2347.946310982935,4.256729930108917,1,0,0,None
2026-08-06 16:30:00,SRV001,41.53760543718006,66.89640499022389,38.86831451769244,23.69171796819793,506.4408852668744,2580.238421421347,3.4025179408327384,1,0,0,None
2026-08-06 16:35:00,SRV002,40.107297882490904,54.42123735469125,53.25206712163078,32.41410658876783,517.3125873051243,2624.191993336749,3.947323030863932,1,0,0,None
2026-08-06 16:40:00,SRV004,52.05252369402839,77.97057196491158,54.303537665130456,22.98253507578127,559.8443650383654,1894.024882212163,4.401324448662718,1,0,0,None
2026-08-06 16:45:00,SRV001,67.40759199431834,53.59815272851321,62.483705195339816,25.96390616638579,462.55902503682677,2035.9017906612335,3.9992596868839927,0,0,0,None
2026-08-06 16:50:00,SRV003,35.03684121079764,60.67888239546988,47.4587487858144,24.149430009371965,408.99832092442057,2577.5335232984457,3.482393782176016,0,0,0,None
2026-08-06 16:55:00,SRV003,29.97948100166355,65.97593260851814,25.000831311011247,33.56378099060813,394.7121530549616,2544.7311375917952,3.6325745794619406,0,0,0,None
2026-08-06 17:00:00,SRV001,67.35581390565689,84.90986879888638,42.01960338780495,25.489949913458545,246.52449976053313,2181.146778062229,4.409393637528764,0,0,0,None
2026-08-06 17:05:00,SRV002,45.955325311494946,60.77317015147673,54.26742417146911,25.497476530414403,553.9735044898604,2142.53073706577,3.1448932298431056,0,0,0,None
2026-08-06 17:10:00,SRV002,49.116609806195754,58.339841860396035,55.76661070603998,25.887753780180244,387.810158621433,2459.5993376479573,3.2334109195955283,0,0,0,None
2026-08-06 17:15:00,SRV004,27.14784397089751,59.49183082666206,75.20497747149982,27.28680842368185,470.589706000291,2898.767928842473,4.1609532558870415,1,0,0,None
2026-08-06 17:20:00,SRV005,44.81531028472027,81.58897167611312,61.992957287897184,26.014674663286467,487.8996525742433,2465.5814030739084,3.5365138432749212,0,0,0,None
2026-08-06 17:25:00,SRV005,54.88649055053274,36.876530064939786,55.97836335077787,26.601339586132802,295.46844909498606,3230.228873786042,2.928165082190186,0,0,0,None
2026-08-06 17:30:00,SRV001,68.95566786434338,54.97261987851413,54.61130467862275,16.412370140928786,327.66536075403656,2186.8807535518476,4.610491200225146,0,0,0,None
2026-08-06 17:35:00,SRV001,43.43154750648042,92.31288709159551,68.25020058603631,27.171479508005483,574.7019907055494,2586.8994106546716,3.1402398272720555,0,0,0,None
2026-08-06 17:40:00,SRV001,79.86064180348745,70.90882073491638,47.91867457411074,27.053419864459933,449.0435515683544,2340.567056903197,3.6803419920082168,0,0,0,None
2026-08-06 17:45:00,SRV003,44.73165963730299,53.9401505066078,53.316594547112814,30.11570639223718,361.9414335701484,2764.5824258858997,3.428287613787741,0,0,0,None
2026-08-06 17:50:00,SRV001,44.75362297622238,64.58082017825228,41.92890255834038,30.927182844838207,407.3652988872456,2148.2854529986616,3.621389908675867,0,0,0,None
2026-08-06 17:55:00,SRV002,78.06036327846704,65.67454566067862,72.02687258434365,26.436875815824607,528.6236904832839,3367.3289892971898,3.2692283254091956,0,0,0,None
2026-08-06 18:00:00,SRV005,58.171902285458756,73.46125245905606,59.709987244019366,29.448687245021866,513.4314479734304,1739.2244186157973,4.228567542616077,0,0,0,None
2026-08-06 18:05:00,SRV005,46.71962906482635,83.39502002822563,46.509720447952645,23.69529365866558,273.3918237760357,3271.9661078561107,3.866494114584147,1,0,0,None
2026-08-06 18:10:00,SRV005,52.6730030322911,68.88551681279216,53.6265398761803,29.302027028088315,583.4283843671892,2540.494811098975,4.390192157126535,1,0,0,None
2026-08-06 18:15:00,SRV002,75.29610366313089,59.602116969870394,61.115809158475365,25.282572602596268,516.6148030998679,2748.591061786111,3.4344990730749663,0,0,0,None
2026-08-06 18:20:00,SRV004,76.99304229438522,72.87084442098204,51.991373047332694,23.445907595609835,404.7524750658414,3100.536206391381,5.079813061969526,0,0,0,None
2026-08-06 18:25:00,SRV004,42.74810231094616,58.01747303137139,48.58635253944879,26.443233965387847,300.827755691328,2885.9476728247314,2.657210728697633,1,0,0,None
2026-08-06 18:30:00,SRV001,54.36349284881338,54.66662504010971,47.148715768188026,31.201417341593338,525.4008640060925,2171.487900493122,2.8489190552466237,0,0,0,None
2026-08-06 18:35:00,SRV003,56.3523524150136,47.40091128043555,59.06754279089338,27.54301661019254,467.642750029462,2770.0402998681707,4.8518509086298565,1,0,0,None
2026-08-06 18:40:00,SRV003,40.206398342251035,49.34871605499599,50.70334864947178,31.48946444303514,274.2201621922235,3340.3632876855772,4.084425000467831,0,0,0,None
2026-08-06 18:45:00,SRV002,54.164724210250085,56.03554843875728,49.554907182847046,24.75380185855259,396.79219246416227,2100.71872952763,4.004831649833645,0,0,0,None
2026-08-06 18:50:00,SRV004,55.07984290677551,53.22210232299129,38.96725893933513,30.14355331364397,732.6172942792489,3453.29283003729,4.058765184390807,0,0,0,None
2026-08-06 18:55:00,SRV004,72.10314218405104,68.13236527374717,55.93168691832604,25.043519888289165,421.6501757414421,2673.566118685854,4.142724362090269,1,0,0,None
2026-08-06 19:00:00,SRV003,73.11137542466801,53.00598174175965,52.8253187344971,27.67598601446761,345.8029405664343,2305.047502635884,3.9798606322603702,0,0,0,None
2026-08-06 19:05:00,SRV004,50.061859024614876,33.56333697975256,51.14021981629642,27.650048485978246,319.15033746933597,2098.0197769262854,3.2204573050249365,0,0,0,None
2026-08-06 19:10:00,SRV004,51.790702842087825,54.560882254105344,57.38524812986462,28.98447520177252,597.209898342942,2399.520816516276,4.290914543043675,1,0,0,None
2026-08-06 19:15:00,SRV003,64.96438453083454,60.28140352278581,63.976027152830774,27.752221859733982,504.77594895776883,1620.124751018277,4.196406926922939,0,0,0,None
2026-08-06 19:20:00,SRV002,46.22217326609483,58.94550512128035,63.41878566328562,24.78244638653455,560.7439113917228,2313.139988923546,4.657058688043898,1,0,0,None
2026-08-06 19:25:00,SRV004,63.82960227606104,80.19524679309184,61.63274201079715,29.640920856277692,444.8185284092158,2381.6827402649747,4.8585446461406985,1,0,0,None
2026-08-06 19:30:00,SRV004,53.68140268946178,58.8645744071085,52.11195665637135,32.19496978297618,545.4019235332787,2016.513857899411,3.998285647785957,0,0,0,None
2026-08-06 19:35:00,SRV005,40.45902133392069,73.80923463199198,48.196019968705095,25.248589733231643,335.1679610452089,2836.5303377069617,3.0634705894206897,2,0,0,None
2026-08-06 19:40:00,SRV001,40.6474493068053,64.81017400319138,42.47301230413075,21.494303770664903,436.25909809150585,2401.5551704947757,4.8635137587212816,0,0,0,None
2026-08-06 19:45:00,SRV003,76.70588044046653,64.576952743274,47.88212191194302,28.497958705061365,448.7053514972736,2213.8924549235076,3.189110038998235,1,0,0,None
2026-08-06 19:50:00,SRV005,52.65367781285052,56.646197111519626,55.23580114163884,26.00645881784355,558.2446931875221,2353.5997292191555,4.002778516203429,0,0,0,None
2026-08-06 19:55:00,SRV003,79.60531140847466,64.41217348419232,45.564566540170205,26.60669143213411,451.88430401404554,2659.798362992131,3.645959644147487,0,0,0,None
2026-08-06 20:00:00,SRV005,47.29545608927635,57.34903873102583,56.152685669409315,28.668533267193038,357.44882582637854,2532.9495447101476,3.541624789889124,1,0,0,None
2026-08-06 20:05:00,SRV001,59.368078016972404,66.7002431425457,43.41451986505763,25.630822710523205,426.4073838920374,2184.56121036059,4.25858007291891,1,0,0,None
2026-08-06 20:10:00,SRV001,90.89015084527362,62.63750367376312,35.06809733191574,26.193444085968984,252.35867975397593,2556.5440633181997,3.946675759560779,1,0,0,None
2026-08-06 20:15:00,SRV004,39.139198830050816,55.553720668084,64.83287345037755,26.699641449190242,187.90312667297326,2477.195819095184,4.1079448947608785,0,0,0,None
2026-08-06 20:20:00,SRV002,26.532782501503352,74.91894339700595,49.30702485560987,31.409261813955048,503.1341370108287,1987.2410995830344,3.3105882259019777,1,0,0,None
2026-08-06 20:25:00,SRV003,74.2988519693085,69.26840480021426,44.95559616131331,27.090208812340745,382.5256113693656,2370.1728879217326,3.6955550207752035,0,0,0,None
2026-08-06 20:30:00,SRV003,42.597863419103895,60.51937265857752,41.87383430443074,23.292979257555118,393.85827010197323,2760.7022216893997,3.3382790120955796,0,0,0,None
2026-08-06 20:35:00,SRV003,54.68940453840649,66.4549304703531,60.07643169676481,23.412364556576655,503.0946679366615,2757.4622169534287,3.680557047213521,0,0,0,None
2026-08-06 20:40:00,SRV005,46.21122684322623,64.16177478498037,71.4988925376156,27.417689764978803,559.7010385044599,2396.516050418473,3.728742665079554,1,0,0,None
2026-08-06 20:45:00,SRV001,59.022441714329744,56.32409062736726,50.16311366792627,23.611715997927064,473.4487954827583,2804.5477576536896,4.906582503922877,1,0,0,None
2026-08-06 20:50:00,SRV004,40.741956892213864,65.70496229021164,52.41323950404902,22.31308953922752,612.8072830217811,2059.0200263569204,3.6443668913187555,0,0,0,None
2026-08-06 20:55:00,SRV005,52.30089868175041,58.78988245192625,67.85958207866886,28.906607972802032,470.26891340572774,2072.9554728130033,2.5246410052816124,1,0,0,None
2026-08-06 21:00:00,SRV004,61.74722989834801,55.550661643799,33.27465154770025,29.053495208605934,450.2213463579995,2386.9352665178435,4.637054922392472,2,0,0,None
2026-08-06 21:05:00,SRV002,39.87536670588607,48.77232669733475,78.60242371495201,25.89559039831844,444.0388822504599,3173.904761239211,4.069555624415614,0,0,0,None
2026-08-06 21:10:00,SRV001,44.498739555311666,61.413926464613695,84.32920362791643,27.880977873455127,291.4504437866384,2573.4632319421926,3.7213937392679663,0,0,0,None
2026-08-06 21:15:00,SRV004,49.789257496022024,70.66970659583723,22.523949646959004,27.564364932586503,515.5998605640123,2376.0853856504027,3.537670779883343,1,0,0,None
2026-08-06 21:20:00,SRV003,33.56776848660583,58.053406466211406,53.82996125299891,28.807258157907256,175.4533979984714,3194.862100542991,3.2318446063658683,2,0,0,None
2026-08-06 21:25:00,SRV001,48.6615852580188,90.2070869215797,46.37263561756524,28.8142497118194,361.3747142724222,2370.8777041584076,4.9628288582518945,1,0,0,None
2026-08-06 21:30:00,SRV002,56.78194809854353,73.85685653652732,51.82273874914319,19.18263423741832,422.29303505676125,3505.6299567786973,3.831106933196022,0,0,0,None
2026-08-06 21:35:00,SRV005,49.006765876173574,78.04330132660478,49.97937916460892,26.278503124552817,341.0237676586637,2269.9225943706642,2.757349313911115,0,0,0,None
2026-08-06 21:40:00,SRV002,50.92935260602413,72.95243012073759,64.74110918175231,28.5537125645344,374.82440769271784,2044.7220718369144,3.996644019971145,1,0,0,None
2026-08-06 21:45:00,SRV001,54.70147493640122,83.52864974938572,53.64916111638411,25.768630226882955,603.9375566227229,2425.137111316656,4.523703021220904,1,0,0,None
2026-08-06 21:50:00,SRV004,45.16384806351529,57.12998016527458,44.06911342960052,27.10860791777948,530.4023885781678,2387.9120826233425,3.893860801012098,0,0,0,None
2026-08-06 21:55:00,SRV001,65.36593848800315,39.392626143413786,52.93377806445851,29.25209994503423,351.4172319193261,2136.5260106428227,3.2590439166828116,2,0,0,None
2026-08-06 22:00:00,SRV005,76.53967187202664,60.53874391647117,61.17741084354891,27.242775699756486,373.0433489027624,3670.8883351712966,3.2053554283852055,0,0,0,None
2026-08-06 22:05:00,SRV005,48.03429411706827,70.58218575547538,40.79534406681662,31.5237582517046,292.2996051448156,2643.3819555123623,3.249608643368459,0,0,0,None
2026-08-06 22:10:00,SRV005,62.277973472165606,66.51516971747978,35.24519573236023,30.380958756843363,490.4993786006137,2708.9123081522125,4.712994798228171,0,0,0,None
2026-08-06 22:15:00,SRV005,51.40574266848029,67.75472610967783,78.91291361002385,26.6443075410857,395.0257549589524,2292.1543297883854,3.757001566857905,1,0,0,None
2026-08-06 22:20:00,SRV002,60.482310175577574,78.20910002669872,47.290879843498765,26.405861487825664,223.35335291054523,2240.0487768646917,2.7927653511928217,0,0,0,None
2026-08-06 22:25:00,SRV002,78.48669296804881,68.82057574462499,53.35176415696573,18.449027684395908,430.0783591810058,2961.501260072965,4.030480355506678,1,0,0,None
2026-08-06 22:30:00,SRV002,62.62989314527148,72.98912927591022,50.22645513009313,26.020493409328424,463.89788836018255,1745.8712023346075,3.8846220713441313,1,0,0,None
2026-08-06 22:35:00,SRV003,28.39878191785479,55.60437258147241,61.577052448985704,22.94019332186842,516.3140973175052,1985.7109872443343,3.5306627198700014,0,0,0,None
2026-08-06 22:40:00,SRV005,61.80993447170438,54.04606310783963,76.27347907709253,27.663688626001868,412.6645205423225,2388.7111724766005,3.187755946346713,0,0,0,None
2026-08-06 22:45:00,SRV004,73.49295614963513,81.14113923024487,61.95920610075141,27.458612133360006,382.7328837213618,3107.9712875354403,3.1616630601362745,0,0,0,None
2026-08-06 22:50:00,SRV004,51.67605745002846,66.00901535147068,36.77961822952011,29.087567268080335,618.6264680489528,2331.4673621637367,4.451980289279803,1,0,0,None
2026-08-06 22:55:00,SRV005,69.93452209176749,58.76770816553865,38.39051887589764,31.190011415844573,420.6586156099552,2687.2682007733883,3.948507713483058,0,0,0,None
2026-08-06 23:00:00,SRV004,44.64826688272081,58.78605506452882,50.212422696077,26.921191710984093,491.95618315979345,2512.477905724641,4.08718619879707,0,0,0,None
2026-08-06 23:05:00,SRV002,32.716912607165895,58.50876878361743,51.7812016056008,33.841248935769585,366.04603566237415,3083.3162858215637,3.9468552857480717,0,0,0,None
2026-08-06 23:10:00,SRV003,57.117535282489605,57.91040978954158,34.33658476544079,27.69735433565971,488.99096516358327,1786.8746418041856,3.9966132229470928,0,0,0,None
2026-08-06 23:15:00,SRV003,28.652849188805288,52.1685219739634,64.83209104209328,23.0693508188501,274.4371007595902,2831.1834416752495,3.5189632019430555,0,0,0,None
2026-08-06 23:20:00,SRV001,51.403434806596124,49.99579597779491,41.96415330542226,25.31378437466964,373.79324542813663,2410.495481615831,3.676502387311534,0,0,0,None
2026-08-06 23:25:00,SRV004,74.30263393968255,63.04995622345581,72.91961874550907,25.881759899076535,299.1725760573946,2916.1978872637337,4.498947083255025,1,0,0,None
2026-08-06 23:30:00,SRV004,26.353556413805787,59.07074129679601,76.84759116646865,28.776381453460136,359.5026678130532,2131.323052254858,4.648754100691467,0,0,0,None
2026-08-06 23:35:00,SRV004,35.80754806129153,76.07159285443295,52.02095760841387,24.158250299312098,545.0470040231071,2510.9768814382774,3.0667448073441497,0,0,0,None
2026-08-06 23:40:00,SRV003,39.51951632257634,67.93076653266917,60.267671685018215,26.10607235157181,358.7674110696302,2453.8719800892923,3.6750447001353304,1,0,0,None
2026-08-06 23:45:00,SRV004,54.050202104335604,67.65317680077983,40.21663333498958,26.51687915761174,491.8256125474084,2048.904037905814,4.3035712153961985,0,0,0,None
2026-08-06 23:50:00,SRV005,49.514248215306864,57.56879592445549,62.48411591774937,25.655637577033367,571.726518205704,1923.8141441738662,4.929247839329438,0,0,0,None
2026-08-06 23:55:00,SRV003,75.9870457254413,63.789715842200245,49.021690918787556,29.434246145039154,417.2422686396681,2238.814887161586,4.869175748798449,0,0,0,None
2026-08-07 00:00:00,SRV003,69.31522493637546,68.6100110363144,41.95317614093976,28.923964165396068,519.376710505628,2558.46900804775,3.3225453110321,0,0,0,None
2026-08-07 00:05:00,SRV001,62.429094191028966,72.16195739712676,51.52798014096419,30.499701405311875,473.1085958138675,2159.3894990629783,4.565027670923495,0,0,0,None
2026-08-07 00:10:00,SRV004,57.184454715158274,64.06108173481634,49.41102389913564,26.0069244566664,431.6436930583533,2351.466896637482,3.8351817812642097,1,0,0,None
2026-08-07 00:15:00,SRV005,60.89844665477241,75.79123779324209,51.09808716395495,30.607582702943706,495.0315589316929,1651.391190482393,4.426649983325443,1,0,0,None
2026-08-07 00:20:00,SRV004,42.07026467029937,65.07989308907943,66.3961588337963,22.908008742068862,603.9938089991854,2333.2075357823214,4.272967208492772,0,0,0,None
2026-08-07 00:25:00,SRV005,67.85815530334918,72.9284711851768,45.57630888837121,22.83484709703043,356.27310874914474,2960.613990981253,3.041621574461142,0,0,0,None
2026-08-07 00:30:00,SRV005,38.319336184611984,60.1014779141085,75.82027599728652,23.35859494172636,324.0799099823925,2817.3311466865375,4.129984373976305,0,0,0,None
2026-08-07 00:35:00,SRV004,67.53065490853346,46.874116334313584,39.099284406095755,27.027635077896267,318.2085454344657,2460.8851283377853,4.403417954701573,1,0,0,None
2026-08-07 00:40:00,SRV003,72.79213753178246,67.68358988018522,74.38516327814315,30.607134349733265,519.4427969736555,2609.6437262563736,3.7879068469833004,1,0,0,None
2026-08-07 00:45:00,SRV001,58.16296903132131,72.25324063146626,42.80187253711968,25.193573758081108,532.9367623128353,2127.2828219826292,3.6522101436160272,0,0,0,None
2026-08-07 00:50:00,SRV001,52.35680411557036,70.75347331807569,54.987841209560614,25.569919785106688,366.2963066666065,3230.9974074811303,2.857001652936147,0,0,0,None
2026-08-07 00:55:00,SRV002,61.0046486246451,69.2218666143744,49.117646638263764,26.351946134071987,206.3986450560653,3430.4931279312573,4.210170509930561,1,0,0,None
2026-08-07 01:00:00,SRV003,12.077224448489908,61.51413034045013,50.875255941545745,28.718484370162965,352.52432600769146,2574.170633817688,3.9252490206883466,1,0,0,None
2026-08-07 01:05:00,SRV004,59.53387327728192,56.932537485544074,64.61628683626658,25.56712408993628,474.7854177806996,3665.808626227672,3.2466896511739485,0,0,0,None
2026-08-07 01:10:00,SRV003,53.29969003240289,70.51728269043781,72.99792156674573,25.399749126250494,413.3276861017167,2193.917932809096,3.6044960018741596,1,0,0,None
2026-08-07 01:15:00,SRV001,54.24057830414513,69.26447416198275,69.2862964594677,22.96381420992693,438.0347746755367,1937.0143419689712,3.8927019494766633,1,0,0,None
2026-08-07 01:20:00,SRV002,65.59798769346742,59.391009091561735,50.14172401189783,25.284836666468635,367.6655581724402,2180.6693106576467,3.4648185265683975,1,0,0,None
2026-08-07 01:25:00,SRV005,53.87846617652908,76.09424189192057,57.21106266885464,30.532385258806,521.4089124709765,2401.229380716254,3.8016062765059346,1,0,0,None
2026-08-07 01:30:00,SRV005,37.89689715023263,56.171344854523994,45.61506551597965,27.27277802543543,454.31918017546366,3540.429948041334,2.7500404116779302,1,0,0,None
2026-08-07 01:35:00,SRV002,52.87895993761933,59.164766212089596,43.10139624910366,24.780436469256255,478.6463472363802,2373.478392667318,4.609653018111173,2,0,0,None
2026-08-07 01:40:00,SRV005,56.01333226121237,81.36425212341665,41.24438913125597,30.708431918186804,435.9065683026682,2113.1548842381903,3.8095455709797705,0,0,0,None
2026-08-07 01:45:00,SRV004,56.72400867371519,73.68581937733913,49.74912031619045,25.244359493819438,472.43681636108437,2095.6935131901537,3.1403878961058136,0,0,0,None
2026-08-07 01:50:00,SRV005,57.42879050927602,61.41990694108978,57.9952675721793,31.259866738447396,465.85716881809617,3013.009950419476,2.32417469096739,1,0,0,None
2026-08-07 01:55:00,SRV005,70.5905356737783,67.8738070964355,32.058218082981945,31.2108209337003,327.1925371864218,2948.785786739066,4.417480964620035,0,0,0,None
2026-08-07 02:00:00,SRV004,38.709481704487786,66.54792244523838,54.44375556903081,27.168034879124004,457.3063095375128,2281.534816140875,4.134854931634185,0,0,0,None
2026-08-07 02:05:00,SRV002,57.63550684247275,37.543861350226216,73.19230149459429,22.504351417884937,499.15081719465195,1655.8971477652801,3.9264114280814306,0,0,0,None
2026-08-07 02:10:00,SRV004,74.34894547927361,55.935260505266186,68.4629328288895,33.86850184603726,535.5141466194843,1992.1329048808218,4.3181888007587625,0,0,0,None
2026-08-07 02:15:00,SRV002,28.98082754594207,64.49153382890718,47.97779108168001,28.16182816879364,461.6107148283713,3274.5597268747943,4.316539037778027,0,0,0,None
2026-08-07 02:20:00,SRV002,57.694700211700805,61.43388523440694,38.23752508860657,26.02833892583823,323.47494812684636,2809.9635480472616,3.9166628420321192,0,0,0,None
2026-08-07 02:25:00,SRV004,46.21932247040435,67.4710256483042,60.51796367757792,29.86838374432517,338.8682670425997,2529.457619001237,3.6474714696453097,0,0,0,None
2026-08-07 02:30:00,SRV003,49.43934423290342,76.2948231294792,27.19086099751,29.106908361064043,376.4851918747069,3340.974927917976,3.5497150408308453,1,0,0,None
2026-08-07 02:35:00,SRV003,41.42788745178367,61.78464215346072,68.32184939059212,30.93281504965932,438.9463908136525,3381.2468227651825,4.05256521434312,1,0,0,None
2026-08-07 02:40:00,SRV002,52.456739264493336,54.42345203877135,52.436950505401114,25.01295663396031,407.7763898692407,2483.8271791174157,4.638218824927609,0,0,0,None
2026-08-07 02:45:00,SRV003,82.61883421640357,68.24851658511045,76.9756038469288,27.95542023832318,307.62679343690866,2492.09270776075,3.738258097210417,0,0,0,None
2026-08-07 02:50:00,SRV001,36.0335445823418,61.73376666432196,34.276414173082415,23.442389309265188,307.02799656849487,2238.0789930495653,4.685886443550033,0,0,0,None
2026-08-07 02:55:00,SRV004,37.45584996281759,63.43936499178098,66.017754702494,28.999003187223703,210.14782250933163,2371.928520631689,4.023891484071447,1,0,0,None
2026-08-07 03:00:00,SRV003,35.47098144754743,62.08226280846921,53.79389395822962,26.931163891118437,108.05250761319894,1831.1537608899455,4.028414581109997,0,0,0,None
2026-08-07 03:05:00,SRV005,80.9112742994215,87.41837800010985,51.02739362233503,27.843027766460438,406.8218177045075,1829.326130717173,5.243065680394383,0,0,0,None
2026-08-07 03:10:00,SRV003,48.0649044171807,42.59295739002055,38.56187841745427,26.56095082847859,652.0230375142855,1724.8035089923442,4.791606929731059,0,0,0,None
2026-08-07 03:15:00,SRV003,54.61541409478489,61.116660968673536,62.1489748805406,26.247033538234916,599.6779523791427,2987.95165311375,4.807165546632929,1,0,0,None
2026-08-07 03:20:00,SRV001,48.9582558834064,64.96310974351609,63.1136486173223,24.39530647795586,322.1768587877029,1797.3689996893465,3.321431804979885,0,0,0,None
2026-08-07 03:25:00,SRV001,40.83365682395363,57.18857507717221,76.42153362359068,29.3712906440527,434.99032973906105,3377.48303441777,5.115309501293774,0,0,0,None
2026-08-07 03:30:00,SRV002,51.47274030078347,73.99825832128283,67.09660315432711,31.469112110224312,273.5420489949834,2171.3299489602678,3.750669923528026,1,0,0,None
2026-08-07 03:35:00,SRV002,91.87365408604839,73.1325767871964,47.873256052531175,25.329994923269744,288.7890469141879,3281.8074580521416,3.663505292147896,0,0,0,None
2026-08-07 03:40:00,SRV002,75.88106381461382,64.52245381511459,42.95364899658982,28.660621514913284,300.25274023696204,2335.7255457105366,2.504450951952056,1,0,0,None
2026-08-07 03:45:00,SRV002,42.205932733115915,62.293262446563055,38.57810279773136,28.296550873980728,397.4501315558167,1795.2159530857853,3.9957744947322937,1,0,0,None
2026-08-07 03:50:00,SRV004,64.71361154592529,63.88043165768353,72.67869214767364,27.024293434046577,401.7540389788024,3077.7005041294615,3.149987625138416,1,0,0,None
2026-08-07 03:55:00,SRV001,42.527158410004354,63.95213346352189,45.66190858866561,22.42021279990585,445.2701970806859,3130.8395324349513,4.044952297128194,0,0,0,None
2026-08-07 04:00:00,SRV002,28.354485417306687,64.21626971874237,72.76275842765568,23.09520794666822,486.3216389704283,2092.277049879845,3.1030609200573847,0,0,0,None
2026-08-07 04:05:00,SRV001,70.29266376496945,63.120008984832005,61.3008644903448,24.65705414654529,386.31190766048417,2350.7564800311475,4.878619902676882,0,0,0,None
2026-08-07 04:10:00,SRV002,72.40139269965326,67.52449314592393,58.958834579127526,20.582985829284205,423.6201970662628,2092.3918285475593,4.130944377726037,0,0,0,None
2026-08-07 04:15:00,SRV004,70.69078376571849,72.53212064827865,51.31758024927642,31.224092189716846,310.6187493309791,2445.762987494026,5.167922945449746,0,0,0,None
2026-08-07 04:20:00,SRV001,47.952021261706406,52.69739852401423,62.92807495602701,28.103109687539142,285.5502975742819,2548.5231163483845,3.186185581104492,0,0,0,None
2026-08-07 04:25:00,SRV002,52.49836398997021,54.49336100766851,54.81435084595837,26.910116854802634,270.10276539516906,2341.877623398057,4.729507546824785,1,0,0,None
2026-08-07 04:30:00,SRV001,66.24648330487184,47.51481970516477,50.56944050237428,20.429292542196514,484.92478011282276,1681.4988720741162,2.7183725497803035,1,0,0,None
2026-08-07 04:35:00,SRV005,60.872440560221605,73.66397400357599,63.352057439778406,21.5283874349388,386.20921519117564,2238.6043082094902,3.9248452858845764,0,0,0,None
2026-08-07 04:40:00,SRV004,49.095437930544335,67.50323293190463,53.27233468934644,26.992975835439125,232.8879737175597,2816.583443599319,3.4210261280348293,1,0,0,None
2026-08-07 04:45:00,SRV002,30.71392269822753,70.0526751593277,45.41998265513408,32.91146989645193,413.69110473163903,2405.9952058318377,3.5312260788497856,1,0,0,None
2026-08-07 04:50:00,SRV001,56.70812791213018,50.70501761636532,62.197921305527814,24.904067412380755,295.11786682139166,2352.651717597232,3.4901021492547026,0,0,0,None
2026-08-07 04:55:00,SRV001,71.1851445885417,82.84948122880138,54.232172132457215,29.591394043237315,586.0378818972972,2081.1505547361558,3.2511702887892024,1,0,0,None
2026-08-07 05:00:00,SRV003,37.036175664487644,58.91149091854642,60.86692014109366,25.560292776975118,362.11782784131736,2225.4768838610726,3.0441870160095843,0,0,0,None
2026-08-07 05:05:00,SRV004,64.58139072513966,66.68205807111256,49.55368169974976,27.1657177778666,488.1505985819121,3134.026647961882,3.534543915841118,0,0,0,None
2026-08-07 05:10:00,SRV003,59.97312542700539,73.54384660678372,40.49054434382853,30.644051546678796,528.8963027384988,1987.1002344390515,3.8696170383721222,1,0,0,None
2026-08-07 05:15:00,SRV005,66.25222394848501,55.13020244203928,75.8208875501713,25.96214510950037,324.50715474429586,2824.370393508353,4.498216613975611,2,0,0,None
2026-08-07 05:20:00,SRV002,68.0796324957851,59.53675641487333,73.5593369291629,24.9296852758436,427.60471175547076,2521.174849406586,3.977210237972632,0,0,0,None
2026-08-07 05:25:00,SRV002,44.583021371119706,66.79171774600874,65.60541953514354,31.254211662374292,475.34679013881464,2610.164798404631,4.499924120776631,0,0,0,None
2026-08-07 05:30:00,SRV003,30.745608997525807,93.57473075464706,50.346271775508725,27.136673463340784,431.55461724101065,2170.439673543422,2.91309387682574,0,0,0,None
2026-08-07 05:35:00,SRV002,46.99720711475681,68.01124742852025,51.39618432206713,30.273615271758487,456.1100759309818,2341.7001852784374,3.540218356574755,0,0,0,None
2026-08-07 05:40:00,SRV005,68.33690976290511,81.06361150630718,71.58792935075758,24.944253319845938,287.03706064408465,2497.425918922619,4.226602951481855,1,0,0,None
2026-08-07 05:45:00,SRV001,46.869941447110435,77.05673145191956,50.75403954919104,31.22002262688293,475.4036219714524,2265.6998659258616,4.005914453474815,0,0,0,None
2026-08-07 05:50:00,SRV003,44.58935014213537,68.68010036494519,47.40932756383243,27.820881823603834,371.3835805827291,2649.1444468164473,3.2832949312044932,0,0,0,None
2026-08-07 05:55:00,SRV003,27.679744871130424,55.10804228369321,77.46681610763744,28.304362878643975,454.9451223284141,2705.847557255382,4.360441335299541,0,0,0,None
2026-08-07 06:00:00,SRV001,81.28971331826409,75.59753610818235,54.42786782063353,27.394887934287524,511.99888455514645,3477.717980628964,3.481236090828511,0,0,0,None
2026-08-07 06:05:00,SRV003,67.38570462137965,50.01889658351953,76.22110394216614,25.483575054010494,486.8808507518274,2625.185513213067,3.3335818631637673,0,0,0,None
2026-08-07 06:10:00,SRV003,66.54843971912146,81.00875123677092,38.21929707171998,26.994951568515084,454.8719725489474,1639.4908050165232,4.092168656298084,0,0,0,None
2026-08-07 06:15:00,SRV002,69.5158808016921,67.00005308218255,61.21821859341402,25.6722292860319,484.2128296184517,3023.358586377406,3.8037016192005413,0,0,0,None
2026-08-07 06:20:00,SRV001,63.65062542315103,38.49776452701824,79.85299119059938,29.878638187934357,488.84110538887853,2408.2582112637133,3.486252598982834,1,0,0,None
2026-08-07 06:25:00,SRV001,51.33506717230706,61.594939049681614,55.35700893590634,26.39082849879401,569.5501161383926,3405.3664133215843,3.465878884851737,1,0,0,None
2026-08-07 06:30:00,SRV001,52.543538438166976,71.5394782092294,51.831946092786445,22.5104783166183,416.5949300537229,3161.916003627389,3.158121920115981,0,0,0,None
2026-08-07 06:35:00,SRV003,48.586534531118126,62.629761269602334,40.98697698881897,21.961728795032148,436.3956993442389,2272.629677329795,3.562551052364681,0,0,0,None
2026-08-07 06:40:00,SRV001,94.521111316225,72.15005810993573,67.98811665322296,21.819845543038728,513.2066808976111,2824.856252742029,4.4600056612924615,1,0,0,None
2026-08-07 06:45:00,SRV005,63.338680469491635,56.49975832287704,45.75846300831175,28.853912272661823,370.9612390236487,2232.7201835134506,3.9467302777928985,0,0,0,None
2026-08-07 06:50:00,SRV002,48.04299337972848,51.94017627212393,53.86229728732014,23.54548706587967,286.47325273220144,2501.210871886612,4.375156448466407,2,0,0,None
2026-08-07 06:55:00,SRV004,61.982451612494195,64.28554596952395,40.185972642488665,27.9002573275157,469.32301745827704,2804.1931664592794,4.10964112260482,1,0,0,None
2026-08-07 07:00:00,SRV004,39.836966232155234,65.31565667289915,73.6827352011692,27.40972355247424,399.39763153840556,3000.8500927209298,3.432652275816908,0,0,0,None
2026-08-07 07:05:00,SRV003,77.5676007788384,61.51615648937678,68.8586237287082,26.80587421527067,299.2472588265632,2902.842622998808,2.8105152351294542,0,0,0,None
2026-08-07 07:10:00,SRV005,45.0839635628929,77.27291146642193,54.620983009442426,28.315215610147106,470.0541929379837,2533.7453343607726,3.2438873811777227,1,0,0,None
2026-08-07 07:15:00,SRV001,62.51628148933699,56.497926248609424,41.15021277295686,27.47491061127158,563.1133015029249,3617.540755036547,3.397258513341488,1,0,0,None
2026-08-07 07:20:00,SRV002,70.98966444614702,68.1316560733235,73.43088459091159,18.87081077165715,257.0257453710914,2335.7408170628096,3.350850277825004,0,0,0,None
2026-08-07 07:25:00,SRV002,60.77152816307489,65.67969971163625,50.608819275434236,26.029124277454528,522.2324995216482,1776.7597157353161,4.388611956115832,0,0,0,None
2026-08-07 07:30:00,SRV001,56.41704987729457,49.432840478639164,41.737541910189776,28.27530940219029,166.29324842543184,1863.385317155804,4.382353080109821,2,0,0,None
2026-08-07 07:35:00,SRV002,55.162031272840224,51.80969816331488,33.854583850329476,31.920848432264997,379.9713369818486,3163.3034785550544,5.127127784165987,1,0,0,None
2026-08-07 07:40:00,SRV002,54.15338354669339,65.11911016248631,47.2484184172747,32.05937284974749,604.051591224258,2465.506186068938,3.3417672972845684,1,0,0,None
2026-08-07 07:45:00,SRV004,46.349522666087466,84.81199998686964,37.54434252964072,22.910548459244232,387.1675951487133,2571.575874124341,4.7584689836386485,0,0,0,None
2026-08-07 07:50:00,SRV002,48.257748553454434,70.79269811898811,47.526149961726105,25.95082410206168,428.9938395820992,2255.8642540340484,4.754760323398478,0,0,0,None
2026-08-07 07:55:00,SRV005,77.19385560476402,47.743651748553674,63.93290480437258,22.301655558876007,496.2866200773555,2296.2838843153645,3.6606417451766813,0,0,0,None
2026-08-07 08:00:00,SRV004,53.37195050972265,33.895119348806624,50.4951980322972,31.55965522533025,248.35264859393476,2145.8068625728174,4.08413323816414,0,0,0,None
2026-08-07 08:05:00,SRV005,43.213055959258405,72.3305359300438,59.26832058536453,30.038568624445652,427.2094800839755,2712.01786599854,4.544439949484726,0,0,0,None
2026-08-07 08:10:00,SRV001,47.25553604707737,64.037865170718,46.319984085613214,28.051763660589526,426.42130719613084,2456.179037108305,3.764645226402643,0,0,0,None
2026-08-07 08:15:00,SRV005,71.50556021045834,76.4126596951037,55.782028796370774,27.49828458378063,606.232097324874,2695.7524200115304,3.7181649336712144,2,0,0,None
2026-08-07 08:20:00,SRV004,65.13409949746718,56.192820792885584,78.05080986503225,31.141893301048423,296.42591690021766,2652.7472733928676,3.423597547329529,1,0,0,None
2026-08-07 08:25:00,SRV005,63.40493767348386,68.50212497858526,50.818167063677244,30.633975584280417,381.84606835498784,2308.3545698651965,2.3839768888021817,0,0,0,None
2026-08-07 08:30:00,SRV002,51.13718201635313,73.46173463027863,59.613153251435904,30.474134089968363,327.16442091763844,1843.5712186137457,3.842282969893087,1,0,0,None
2026-08-07 08:35:00,SRV005,63.600437052594174,60.525363617935184,36.213673270378735,28.37003957934678,316.55881963086205,1804.3901818002892,3.374078403527944,1,0,0,None
2026-08-07 08:40:00,SRV003,45.34658312574028,60.73914429768934,73.24127346900245,25.95231510145751,532.7402727064579,3861.9932162627797,3.1547908258299033,0,0,0,None
2026-08-07 08:45:00,SRV001,51.10578952981338,65.25262831098391,49.273520452661614,29.301374496052674,422.66515020008177,3165.1780499904894,4.053314990086588,0,0,0,None
2026-08-07 08:50:00,SRV003,69.54706731087619,70.42676346560329,67.606403798878,29.448125715765343,364.44328035734793,3103.0821551010463,2.929212655507341,1,0,0,None
2026-08-07 08:55:00,SRV001,68.11416518378597,64.8566599548809,53.52183645089314,26.42808759122412,368.21540988574645,2196.426936855897,4.2836479347683705,0,0,0,None
2026-08-07 09:00:00,SRV005,40.27135231073795,74.73996337759486,62.33895238024968,25.946253243497274,363.6772923054604,2504.279380193404,4.090159589156313,0,0,0,None
2026-08-07 09:05:00,SRV002,42.167103206371365,60.3806481073297,63.05214912653201,30.39993980867463,372.6196822592306,2133.0867434275733,3.5598840729816486,0,0,0,None
2026-08-07 09:10:00,SRV002,56.630532292201146,51.7160479453689,49.570715925847395,31.99234832630882,293.55546557107357,1909.563057175349,3.7620138482933245,0,0,0,None
2026-08-07 09:15:00,SRV003,80.89198562004265,84.7697536811318,68.10287722914222,24.7518126572557,394.12704574348,2235.0519158309344,3.0858673435074544,1,0,0,None
2026-08-07 09:20:00,SRV003,26.266522532965087,58.95366263457554,45.8921816320828,26.209869973656076,384.07933083478554,3096.7832335433104,4.2502031620192255,0,0,0,None
2026-08-07 09:25:00,SRV001,59.174994093557565,59.31557916282253,64.33521064033052,28.052799229364094,344.22032935966575,2878.3354151157864,3.912418544630759,0,0,0,None
2026-08-07 09:30:00,SRV005,34.35935002640278,64.34196678927816,50.31753647000163,28.45979699324583,435.50462563049746,2063.4783992700904,3.9571099727537264,0,0,0,None
2026-08-07 09:35:00,SRV005,45.485035097116814,65.67181109653981,59.19469538358472,25.43290092227612,443.98894801181586,2358.332777429136,4.101134227803878,1,0,0,None
2026-08-07 09:40:00,SRV004,49.53357372903638,61.13316357511717,49.45608397174887,32.65056189103213,364.33527857082925,2837.1054273714612,3.4145507516649656,0,0,0,None
2026-08-07 09:45:00,SRV004,48.69237484844663,64.8256610305099,55.59971169647915,28.266285796635515,405.5865849233745,2243.062872165698,2.8885650350474394,0,0,0,None
2026-08-07 09:50:00,SRV003,46.993060905111875,64.60237768571827,42.103675579698795,28.59415022541166,635.8623726900857,2535.8138101747286,4.374391024947578,0,0,0,None
2026-08-07 09:55:00,SRV003,55.10810590564555,66.74819327020806,57.97068381626553,32.27665224453526,632.0433258602137,2680.8313511791653,4.213231048167445,2,0,0,None
2026-08-07 10:00:00,SRV003,46.97116650054132,41.42512541012684,55.530254019515034,25.65281512426623,314.59098098702646,2675.9187483298588,3.4787847180374394,0,0,0,None
2026-08-07 10:05:00,SRV001,33.06313922718771,83.8087630700785,48.51815735113033,26.734704370673168,328.55524334114415,2614.365442460629,4.045466119478024,0,0,0,None
2026-08-07 10:10:00,SRV001,66.69804418784165,63.527116864654424,54.33966440331645,23.240033312935115,314.05967230080034,2205.8362717978703,4.55478406323077,1,0,0,None
2026-08-07 10:15:00,SRV002,66.29308250723321,70.80622619446986,56.60805371401492,26.482948583239267,525.705393997224,2252.061435616533,4.483220481850363,1,0,0,None
2026-08-07 10:20:00,SRV003,67.64761465034003,51.21898658465976,47.603715360818654,22.53321742819391,380.1470700424306,1989.8575668157187,3.4612646981408024,1,0,0,None
2026-08-07 10:25:00,SRV001,31.888982556038773,60.2899973875075,53.45489709124397,29.243548062579517,443.96742435962994,1797.3985329239774,2.906743372739449,0,0,0,None
2026-08-07 10:30:00,SRV001,59.48377228876226,58.276841336795854,42.93337670926095,28.259990250209977,619.6967333280884,2448.363066239397,3.009670916241948,1,0,0,None
2026-08-07 10:35:00,SRV005,65.13968283710385,79.69723764508545,83.1487964675321,26.16879207888438,418.95352056895376,2867.316826564236,3.612964392226933,1,0,0,None
2026-08-07 10:40:00,SRV002,39.53196897340622,59.14186393164117,67.70942392249822,26.698728876546458,490.6248721757321,1878.872922630724,4.677390279972295,2,0,0,None
2026-08-07 10:45:00,SRV003,55.13759872273194,72.58079986940092,58.277129267578616,29.284399245566973,472.04207493003935,2622.837959855916,3.362932752715179,0,0,0,None
2026-08-07 10:50:00,SRV003,53.25600032034451,58.495795473268046,69.06535512972034,23.592611739330305,361.17826483040506,2853.0840460225277,3.4422032881943867,0,0,0,None
2026-08-07 10:55:00,SRV004,82.63225987852395,60.47381060346056,31.248970279794666,27.61250360235757,525.9161731741859,1673.4698040303945,3.429853341129009,1,0,0,None
2026-08-07 11:00:00,SRV004,83.8674405551886,62.54449834799314,24.307843145991924,29.098529419376234,335.02991908998143,2378.2385049387017,3.4809615222267993,0,0,0,None
2026-08-07 11:05:00,SRV002,30.03465410004699,77.838451268293,50.208507259001124,21.653177767778274,553.9879786444176,3240.794590206268,3.7932638935480236,3,0,0,None
2026-08-07 11:10:00,SRV005,92.40890508591984,46.10147340969881,38.457230276774695,29.054814017106057,361.25490347908806,2748.3734579908178,3.0319698952689462,2,0,0,None
2026-08-07 11:15:00,SRV002,41.27161418270014,51.843364447255674,52.16073370662005,21.9778126102153,372.20322794639054,1658.2942829219703,4.450615973796171,1,0,0,None
2026-08-07 11:20:00,SRV005,69.71009941491138,45.526948343101836,57.46787968713878,26.647216548445403,311.1512176373208,2796.2527580852247,3.7131073531942116,2,0,0,None
2026-08-07 11:25:00,SRV003,69.55746971295596,54.1249788023855,66.04497398008733,23.509826687714323,327.5740589183353,2163.518442597252,5.287480744835201,0,0,0,None
2026-08-07 11:30:00,SRV001,40.0646465973729,56.88399948807893,41.34083218869743,31.293739737870045,377.32356776714647,2811.0881185417416,3.095857400869991,0,0,0,None
2026-08-07 11:35:00,SRV004,62.399016907586486,48.855187459096115,59.79556823392086,23.528636837542958,176.86514420893883,2189.463205029652,4.753919703094945,0,0,0,None
2026-08-07 11:40:00,SRV001,53.38699383600904,57.65852253385331,55.17267631782679,22.049430324103852,396.66676588244036,2476.1354000146157,4.6348072387918915,1,0,0,None
2026-08-07 11:45:00,SRV004,63.31495006948586,44.85285519066585,59.17011171919702,27.400056424788946,369.20257627584834,2258.1057541466726,3.5529895946926104,0,0,0,None
2026-08-07 11:50:00,SRV001,58.460084535709385,54.82011276232319,48.762736590956806,25.758891059937532,499.0011098611832,2501.4209752323277,3.5629636318928792,0,0,0,None
2026-08-07 11:55:00,SRV002,72.94509228055371,77.004203999102,71.59762167834543,22.4861843140082,462.29807383568254,2244.7239217400447,3.247221310322062,1,0,0,None
2026-08-07 12:00:00,SRV004,56.130993147190935,69.03588070281103,53.757896218843285,28.57744559746455,349.2362568900703,2399.407791300485,3.254107144856267,0,0,0,None
2026-08-07 12:05:00,SRV005,52.48188895860533,66.87467672172528,76.29018668204523,21.025502812650963,374.1449240574093,1970.977746260195,3.799636430135085,0,0,0,None
2026-08-07 12:10:00,SRV003,71.4409634958577,54.972214437208855,45.515336155813316,23.891277082250625,396.53819614791024,2720.796817936296,3.8124175905478164,0,0,0,None
2026-08-07 12:15:00,SRV001,63.70593947287905,49.639150409552755,63.91392807946664,25.274345188737644,568.5956554475849,2578.8783438897663,2.838586839835301,0,0,0,None
2026-08-07 12:20:00,SRV002,65.97720091481332,53.60843924465719,54.28397823327366,29.40666717646542,337.7695319543558,1772.5605216531321,5.176103193995518,1,0,0,None
2026-08-07 12:25:00,SRV005,45.03119991612105,64.56790173103985,51.06709099999883,30.886405101039458,348.0239335049346,2946.812497090867,3.6442898857021624,0,0,0,None
2026-08-07 12:30:00,SRV004,39.32105827902289,73.68176779726669,62.58778408561056,30.308346741982717,307.1415848382849,2420.6704181554765,3.839367366330313,2,0,0,None
2026-08-07 12:35:00,SRV001,46.48416785120948,74.0236741713532,51.409918249724925,26.5401786286133,271.79605205638154,2572.7930783061593,3.4242575399519346,1,0,0,None
2026-08-07 12:40:00,SRV002,45.687679214791174,71.30612362483333,23.05641595411206,19.71807526561453,450.70036236254947,2844.0527524131335,3.639794276544899,1,0,0,None
2026-08-07 12:45:00,SRV002,66.79298902979372,57.62443135932056,18.24558252190831,28.172559063655676,440.290333107321,2647.7090090619927,3.585273133253475,0,0,0,None
2026-08-07 12:50:00,SRV001,69.63976075441077,65.24549832403989,70.26906592340859,31.41172121767384,548.2761852835351,3024.3414213074047,3.7982417445048435,0,0,0,None
2026-08-07 12:55:00,SRV005,52.67304565701399,61.78657469962754,69.76310149455635,30.701371223440706,524.1409007726929,2368.017015007565,3.791246053743131,1,0,0,None
2026-08-07 13:00:00,SRV004,76.46378528236528,62.9881023650525,77.64809135507136,28.388847029231158,659.7116714531808,2965.493223802168,4.282919809124642,0,0,0,None
2026-08-07 13:05:00,SRV001,75.52704090647694,85.37127896959814,54.78966102061387,23.43149170698464,412.61272324589044,2555.3160780132944,3.9363319622592656,0,0,0,None
2026-08-07 13:10:00,SRV004,58.65098374600809,47.379997629963874,39.48838237602531,25.424078989114754,393.9470436203793,2728.4350410280113,4.222569812239702,0,0,0,None
2026-08-07 13:15:00,SRV003,42.671623426854396,62.653231840777394,49.96499388818798,32.801443196237024,289.9773654866641,2681.633127759057,3.794113506916739,0,0,0,None
2026-08-07 13:20:00,SRV001,78.6306497415331,77.11748907196157,55.13709418433575,22.749811396007598,489.6578167476326,3058.3286463892864,3.9387515330635345,1,0,0,None
2026-08-07 13:25:00,SRV003,54.08473973457388,50.34108504966461,42.91554130857869,23.556476315548842,431.8534241446339,2824.635568101682,3.655216590390037,0,0,0,None
2026-08-07 13:30:00,SRV001,56.892477946464616,58.562525747337496,74.7828966756864,29.827654653495852,485.12663050106835,2300.674533860569,4.401867040602589,0,0,0,None
2026-08-07 13:35:00,SRV002,49.90592461590147,59.709615024323604,81.87403455572485,25.706522265583416,306.08757807616,2211.4298302000684,3.9935734577095547,2,0,0,None
2026-08-07 13:40:00,SRV005,41.65314510554204,62.76710277946015,60.73936840876213,23.454734633386135,455.16041890266996,2477.610633582325,3.7051550872922596,1,0,0,None
2026-08-07 13:45:00,SRV004,32.97040854527062,49.040428403937824,54.86963503962165,31.583913536169046,440.5199617953942,2157.9543515143387,3.6872539192692075,1,0,0,None
2026-08-07 13:50:00,SRV001,64.49302485335932,70.9528606033804,39.460396258306815,28.38316793443542,433.9035039893687,2026.5135094031439,3.7344563952518017,0,0,0,None
2026-08-07 13:55:00,SRV005,43.24898419155069,71.66287282513144,73.55720675387262,25.854596506868464,351.6734091809476,1542.3763888158812,3.818266354206219,0,0,0,None
2026-08-07 14:00:00,SRV003,100.0,70.08375325017948,55.91568173018856,23.56267549230145,538.9324648553398,1802.8317589770804,3.7661833392686477,0,0,0,None
2026-08-07 14:05:00,SRV005,38.708896260812814,56.29626325708919,51.53002721907265,33.14221969157981,625.0307578978011,3393.432862500186,3.464695006873184,0,0,0,None
2026-08-07 14:10:00,SRV004,36.13926287527945,65.86510790787295,60.774089064094454,26.926644543760176,308.96559737023847,2204.5748876666003,4.2589403331609565,1,0,0,None
2026-08-07 14:15:00,SRV002,62.65208073420162,56.00559760430912,47.971461652129776,31.191984187408483,492.0443979592958,3356.557134919515,4.296845595528902,1,0,0,None
2026-08-07 14:20:00,SRV003,77.93970218450943,61.674033392284876,56.762502077461825,29.68090063382832,132.21498486596107,2681.419570520011,4.870314102740448,0,0,0,None
2026-08-07 14:25:00,SRV003,55.96884485414832,86.53467927170878,37.690397789852085,25.437295315010296,486.86099494824583,2477.608890263753,3.437822173613143,0,0,0,None
2026-08-07 14:30:00,SRV004,63.58363630280911,65.95695377596256,68.04504627102921,25.461176655030656,232.98453834582452,1824.7276974304448,4.1998632350912635,0,0,0,None
2026-08-07 14:35:00,SRV002,27.346788738119354,53.12473424012826,53.74706750637192,31.338944693801757,367.5032652100742,2502.101003009222,2.6545176102303905,1,0,0,None
2026-08-07 14:40:00,SRV002,44.837326814623495,66.80335340663913,68.90561032760814,31.387551997859934,288.697533824575,3351.482695135703,4.297425839013132,0,0,0,None
2026-08-07 14:45:00,SRV002,38.89576406293649,51.4820407393669,52.58636586590057,21.369252071637796,398.4388505050604,3200.9365348075326,2.926050730995689,1,0,0,None
2026-08-07 14:50:00,SRV002,26.574312250781784,53.009896074849884,53.36560349459226,28.649340782946577,503.87936983678287,2623.4073937139106,3.2094013378566286,0,0,0,None
2026-08-07 14:55:00,SRV001,56.754703510358304,54.58876864051209,40.45219086049651,26.63635558582914,234.26867362729772,1983.0992353427428,3.999335197409491,1,0,0,None
2026-08-07 15:00:00,SRV001,21.357585675843495,60.55690547804316,64.11708367621772,23.900030511184482,384.0520310484361,2069.2755946378816,3.4271005787466127,0,0,0,None
2026-08-07 15:05:00,SRV005,35.167060508688266,74.36968995589201,44.4899205517229,27.785238284151593,368.6631231183943,2116.333670473393,3.344987893998254,0,0,0,None
2026-08-07 15:10:00,SRV001,46.94209308979873,70.78398198016839,49.16293152160926,22.951209627040818,578.1048683871875,3075.169717313215,3.5091103865009923,0,0,0,None
2026-08-07 15:15:00,SRV005,42.53071246073385,70.22995328247329,55.012566232990444,25.6006339360617,463.1761007850285,3234.2741962489417,4.237775595151115,0,0,0,None
2026-08-07 15:20:00,SRV001,60.946127533106015,54.01075434409458,56.45469020427228,24.604578801690096,302.2782886726577,2588.1517757354136,3.240265762149354,1,0,0,None
2026-08-07 15:25:00,SRV004,59.5837028785372,59.58685644564351,34.52683671738689,25.500626207532004,372.87056209696004,2363.613804014581,3.767507081466478,1,0,0,None
2026-08-07 15:30:00,SRV002,68.40698118903185,67.72001106883188,52.2303296141438,26.785564519014027,575.6104238385532,3196.9197234974426,3.572806229276398,0,0,0,None
2026-08-07 15:35:00,SRV003,66.28575599069018,58.71680014611587,64.54276262372456,23.953300014283542,491.4365316774024,2059.64190661077,4.291934462797408,0,0,0,None
2026-08-07 15:40:00,SRV002,72.1121918404207,62.21633559698902,50.45994358571317,31.719537086619894,328.17665375945785,2523.320497420165,4.308753052449705,0,0,0,None
2026-08-07 15:45:00,SRV003,54.971223999864186,69.4135869252995,52.303218949440144,28.479849700182378,393.2929461616911,2708.3346997957588,2.6988309215383324,0,0,0,None
2026-08-07 15:50:00,SRV003,59.552003512250046,61.51227318798698,56.948872610112716,32.383689085146166,396.4890851591852,2111.73972677062,4.427065651258589,2,0,0,None
2026-08-07 15:55:00,SRV003,62.67270552878787,67.26059589102026,53.48847480943601,26.519760092765942,366.20180728441943,2213.8386003739115,3.433546456124713,0,0,0,None
2026-08-07 16:00:00,SRV002,57.12485046086539,80.92728456019569,42.633813971348744,25.35363011310867,248.97878436783103,2178.8180893655785,3.9417753191580043,1,0,0,None
2026-08-07 16:05:00,SRV003,49.04208535124389,63.281412010130026,54.56384651599715,32.27524684347908,352.2378284610032,3137.5270851946384,3.236654755770022,1,0,0,None
2026-08-07 16:10:00,SRV005,50.01336198490345,76.79337809719206,66.92887804007076,25.265820780378046,558.9199305865375,3361.4652746756897,4.02268076162587,0,0,0,None
2026-08-07 16:15:00,SRV003,42.73662402505052,70.59370067307358,42.38588863279492,26.465123934032626,381.8855512938825,2551.6566386064524,5.330809372172661,0,0,0,None
2026-08-07 16:20:00,SRV002,61.32425244864744,50.32758006513234,50.50621732617019,29.160142231491946,409.6746369539081,2379.3016358307455,3.8762993367710195,1,0,0,None
2026-08-07 16:25:00,SRV001,53.589772388722665,53.97862970736476,38.420424112779074,23.286822575108165,434.0525646853574,2230.071516253017,3.5240913694121856,2,0,0,None
2026-08-07 16:30:00,SRV002,45.05239374044853,56.664041169301036,66.29658340588414,29.13388405438095,641.8141394712126,2500.7858410526483,3.6607032591946753,0,0,0,None
2026-08-07 16:35:00,SRV001,45.06632771013111,56.451650830672165,53.89170151794546,28.750041198493808,420.88747714169614,2252.4002118534445,2.918582025657188,0,0,0,None
2026-08-07 16:40:00,SRV001,36.844019083258175,64.09710253893186,44.79760439672964,30.8079759541135,529.3945353583512,2456.3363909401505,4.669377971698674,1,0,0,None
2026-08-07 16:45:00,SRV005,69.68262011855799,71.14644048081823,56.107187201718126,29.67013350903042,360.18198279488035,2685.9547703517655,3.987729864557966,0,0,0,None
2026-08-07 16:50:00,SRV001,56.179265042976816,77.55158416704722,40.556797421254565,30.899935058632714,394.06007394975086,2317.609175744334,3.1706612562212917,0,0,0,None
2026-08-07 16:55:00,SRV003,42.05799970640095,68.08175088725082,42.59805362247512,26.66873429847477,421.2552723110285,2414.685371823656,3.190209025922748,2,0,0,None
2026-08-07 17:00:00,SRV005,67.12821624403027,60.5432044394679,37.478397641778635,24.41198904387882,342.5867058150616,2416.5454817174627,3.8091694274892958,1,0,0,None
2026-08-07 17:05:00,SRV005,46.593267853084406,44.17758756370126,42.1986491493112,33.329956242250084,399.62822193970425,2357.0964543732375,4.359197236003092,1,0,0,None
2026-08-07 17:10:00,SRV001,33.90249059481651,65.70589575417338,71.28805100799768,22.4199131534341,508.80509358132696,2301.348455342705,3.109406054757817,0,0,0,None
2026-08-07 17:15:00,SRV001,70.318334338287,65.25770193694991,46.20258002460885,22.720460763378576,339.96354389081165,2842.988471321563,4.468045605120302,1,0,0,None
2026-08-07 17:20:00,SRV002,46.94354515650831,66.82928753538958,60.59470147181774,28.695384121526494,420.00890309636384,1703.1687869606008,3.7450198688258576,0,0,0,None
2026-08-07 17:25:00,SRV003,48.86651364686816,86.06240297703333,44.96438296052894,31.874958144532048,490.87335516559324,3208.4259365505686,3.2418539689957417,1,0,0,None
2026-08-07 17:30:00,SRV005,55.61770030523766,77.40596546193072,64.11440494915863,27.568652537742494,337.5533951187256,2560.9882584413485,3.5193857440562133,0,0,0,None
2026-08-07 17:35:00,SRV002,72.13883834185172,72.85060918249985,42.687015988824214,29.997911099106616,529.5413792614956,2774.5079091939315,4.849132326277825,0,0,0,None
2026-08-07 17:40:00,SRV001,55.300559362994676,55.379228699284,55.470735133141076,21.012591817584124,427.2883479711323,2826.285002416994,2.9670719980727975,0,0,0,None
2026-08-07 17:45:00,SRV002,37.013243107821545,59.870052508032565,55.634215718427384,25.50136511345659,403.487743666071,2181.3733779862428,3.360864226432312,0,0,0,None
2026-08-07 17:50:00,SRV005,63.158155061682706,64.05155393071497,82.9336640371191,21.378156578570223,219.18521941997852,2088.5386497193413,4.371550150780952,0,0,0,None
2026-08-07 17:55:00,SRV001,47.72515413607414,57.245928759896465,62.56510345576198,29.34123287468598,382.63875579865265,2035.4788219057777,3.929874226072181,0,0,0,None
2026-08-07 18:00:00,SRV002,83.31885957294199,70.00464524985118,47.88515182804872,22.358306020232956,457.1592416145303,2388.819386577135,3.3252555090451685,1,0,0,None
2026-08-07 18:05:00,SRV001,54.98320417003165,68.56908849215705,63.22058756380616,23.16654346190206,594.5345018802468,2814.642111197963,4.378875941818894,0,0,0,None
2026-08-07 18:10:00,SRV001,21.474467531520006,54.116922069453075,80.6580936458225,28.542075614884208,476.78891541116127,2237.3070886506293,4.407377439901508,0,0,0,None
2026-08-07 18:15:00,SRV005,60.36047458233511,76.96816709096124,35.444366914188464,30.18547305605319,532.6216231778349,2773.569238080237,3.9988344011108485,0,0,0,None
2026-08-07 18:20:00,SRV001,84.16896688390342,66.0231033380886,44.890215489175276,26.52309567531235,299.0895426378061,1434.4354515124605,3.4325620474498915,0,0,0,None
2026-08-07 18:25:00,SRV002,78.63880432818084,47.70928853257749,52.15722929064047,28.71051751232553,407.3177504347046,2326.4947591111377,3.525017228099385,0,0,0,None
2026-08-07 18:30:00,SRV005,82.46431433134848,64.4865714165503,49.994941274296586,28.613364500619276,542.0746442328864,3025.211815425203,3.970805639179039,0,0,0,None
2026-08-07 18:35:00,SRV004,39.703597219278045,67.81206455922904,51.0069196200415,26.353719421672583,331.22664496000766,2423.062919935179,3.012842563271972,0,0,0,None
2026-08-07 18:40:00,SRV001,68.68228593965168,74.72792361435741,39.349212812881085,23.715883551341253,516.5222628973103,2126.885363725225,4.596670928679867,0,0,0,None
2026-08-07 18:45:00,SRV003,44.170081903949324,61.62523596873384,71.84747264260014,28.694674220653926,493.3317864600333,2204.4205500380813,4.8201254532055025,0,0,0,None
2026-08-07 18:50:00,SRV005,58.36434099125387,73.27938267447207,37.92869681828057,28.83928707232525,447.472364844982,1137.3898466193039,3.6584270900958376,1,0,0,None
2026-08-07 18:55:00,SRV003,35.90571356890401,66.87141986770216,52.59744628453001,29.682073209270776,387.1297374864025,2044.6891133146357,4.013662695458484,1,0,0,None
2026-08-07 19:00:00,SRV003,45.33316352675926,51.8494539096242,67.54996710112837,27.936199272236692,321.37048454275646,2975.7586176306622,4.511481225709595,0,0,0,None
2026-08-07 19:05:00,SRV003,44.85629953954577,50.84833226517486,54.63778171424977,23.49450025956202,597.5379294103313,2237.828754896696,4.973336503140613,0,0,0,None
2026-08-07 19:10:00,SRV004,68.47832920213924,76.22559870149348,43.24726999716677,29.07102048410754,483.18625177240307,2290.9550370994484,4.734188801294419,0,0,0,None
2026-08-07 19:15:00,SRV001,67.01078682504483,76.9598417838177,38.81589212351251,26.995856759314975,454.0616124675449,1450.6845158336164,2.7586774919847246,0,0,0,None
2026-08-07 19:20:00,SRV005,59.152295939962315,68.22909230404723,52.24000964766661,25.55178766702997,378.7150251797749,1766.122993099347,3.6106677870034884,0,0,0,None
2026-08-07 19:25:00,SRV005,34.74367872916922,79.95706721180028,45.915645209794405,26.116092488418865,423.7871629589978,3035.5221303698886,4.100412950889932,0,0,0,None
2026-08-07 19:30:00,SRV001,50.3254084907542,75.56609849041607,57.46277310043573,24.92922846482886,436.4717269970033,2777.7823362977024,3.503469621858841,1,0,0,None
2026-08-07 19:35:00,SRV005,43.80825275585911,71.83628729479722,38.18258622730984,29.66653133656329,459.98756847335727,1916.152435852256,4.869660047024219,0,0,0,None
2026-08-07 19:40:00,SRV005,68.04513635041737,55.88688511266328,64.75642884265146,22.74565579925994,493.4340288471934,2216.242423792051,4.777625103681579,0,0,0,None
2026-08-07 19:45:00,SRV004,72.67277279225777,82.31428751032344,56.38659427797358,24.019542195580744,341.7528474144908,2486.8724456505474,3.3104419152447617,0,0,0,None
2026-08-07 19:50:00,SRV002,70.84578379046324,70.36301432208273,57.27803673222972,26.013681345984917,273.3403034512996,1961.7425205294599,3.702559988056566,0,0,0,None
2026-08-07 19:55:00,SRV003,43.67170870874469,61.141612253883785,72.2929213388802,31.841252544717,428.42808512734973,1598.1352524188796,3.3502675182862176,0,0,0,None
2026-08-07 20:00:00,SRV005,13.907003165657812,58.31729994694702,49.74645401953761,30.162841647278547,245.27826626752383,2428.355325652254,3.682922933536298,0,0,0,None
2026-08-07 20:05:00,SRV001,28.495571528049187,67.56783781513857,46.290199663201314,22.077477590258326,387.63390050063623,2757.6738529779586,3.66474059039997,0,0,0,None
2026-08-07 20:10:00,SRV005,76.32440467123313,48.28940915161545,48.426836459837524,31.054041266257457,369.0810169888237,2766.3357938784793,4.372554748848115,1,0,0,None
2026-08-07 20:15:00,SRV005,48.98117591020264,71.99673275352862,52.689681165720906,31.04826065095105,469.1748192201669,2893.8568234939657,3.266921201759699,0,0,0,None
2026-08-07 20:20:00,SRV004,43.73913072602331,55.464291853059734,53.908421262504056,23.47797502193207,618.2597035486309,1800.8992321990795,2.2299502370265416,0,0,0,None
2026-08-07 20:25:00,SRV002,79.6399044015435,68.70608108824287,45.031627160778726,19.435625188210665,225.5409376096439,2526.0558594221225,2.837274150659108,0,0,0,None
2026-08-07 20:30:00,SRV003,73.9773991823249,59.78379662641841,30.722976963603294,26.78333513295827,647.4185030318401,2379.1968860968955,3.1830190323759617,0,0,0,None
2026-08-07 20:35:00,SRV001,55.3667308287968,62.35581287275296,48.26885198945154,30.367273227899467,396.6924840880974,2460.7506915262634,3.406585046601757,1,0,0,None
2026-08-07 20:40:00,SRV005,50.59895363404039,57.43090127234935,59.31790799544268,31.77378590940061,454.780868217258,2404.698264864638,3.9123046403691277,0,0,0,None
2026-08-07 20:45:00,SRV002,53.01848180780312,63.387705688191986,56.63509967504191,24.387518206916248,278.51678423762837,2202.798318726618,3.1521236566826842,1,0,0,None
2026-08-07 20:50:00,SRV001,58.40744197581199,83.89379546017354,69.39465363790993,32.255937313988895,519.687157022632,1141.994295602978,3.0733396458440407,0,0,0,None
2026-08-07 20:55:00,SRV004,79.00070921979412,78.8505962704864,78.46583852756547,20.316202812549896,424.14725363517243,3022.8230592568034,3.2423315494087337,0,0,0,None
2026-08-07 21:00:00,SRV004,61.3370113635584,68.54478954995457,64.11200525750162,25.895848158512138,413.8532588811713,2648.49557446379,3.130607599304131,0,0,0,None
2026-08-07 21:05:00,SRV004,65.89043549558713,64.74705734435048,71.59024770889872,25.748367992352758,226.26148850970463,1832.0695956085715,3.4673037534226125,1,0,0,None
2026-08-07 21:10:00,SRV001,72.53905163605256,73.44201190692885,64.20129150715744,30.457011074772907,427.37968138474275,2712.9092438467396,3.4416275624629606,1,0,0,None
2026-08-07 21:15:00,SRV004,37.454859984633714,76.29970394107556,75.5187910711286,30.89490739781934,504.5828323816574,2298.7128368493386,4.213434090184286,2,0,0,None
2026-08-07 21:20:00,SRV004,66.32292838711064,56.701816177924705,77.21024361149522,29.862670966300186,396.3721364516811,2311.4624576120214,3.2062823689582265,1,0,0,None
2026-08-07 21:25:00,SRV004,50.58146868007583,64.22561132367798,66.41398204934713,22.948349853762316,537.419934564415,2154.213429329935,3.585442023002137,0,0,0,None
2026-08-07 21:30:00,SRV005,17.258572063408508,46.7804177043192,63.47656175709503,29.587857095396764,533.2895171891363,2741.6187126935192,3.4729863920499384,0,0,0,None
2026-08-07 21:35:00,SRV002,23.07745687021282,76.23102110260895,52.53721393675159,28.527125905780476,355.8904617259152,2140.0793928177104,4.28533098562254,0,0,0,None
2026-08-07 21:40:00,SRV002,39.72823582721972,85.65024257700856,54.50395262843308,21.986296844161227,579.5113858797392,2006.4243912592299,3.707432434389377,0,0,0,None
2026-08-07 21:45:00,SRV005,62.968348428888724,65.80082624623086,50.945952023796856,20.79895851359494,424.5294964325082,3009.285164772698,4.4304180340395165,0,0,0,None
2026-08-07 21:50:00,SRV003,56.706993480104444,43.749898750969834,62.45501933074067,30.11396787006233,424.9745250787831,2419.5033656049736,3.1085778943971145,1,0,0,None
2026-08-07 21:55:00,SRV003,57.76550060763496,71.08890516577031,46.35582355168782,26.459702097062266,429.8981222602731,2433.6311245035063,3.770380034939108,1,0,0,None
2026-08-07 22:00:00,SRV002,84.26415224030038,55.959108338509196,52.70672548264108,23.144453722635376,426.9315750941126,2811.6088541244994,3.4544653897820403,1,0,0,None
2026-08-07 22:05:00,SRV004,35.963655777102815,58.3665055833554,26.7379613778604,26.375484213873694,156.98666433414917,2199.5859846192207,3.0643723412686374,2,0,0,None
2026-08-07 22:10:00,SRV004,54.588499687244145,71.26576389791003,75.67707873727011,28.092123243339607,401.44936018102794,2289.3310723089016,3.759493375408965,0,0,0,None
2026-08-07 22:15:00,SRV001,59.56653284220724,67.54554125512725,52.354305008964175,26.75144661999736,283.6053528337546,2637.571871375276,4.839756654941134,2,0,0,None
2026-08-07 22:20:00,SRV003,43.955903251924966,60.11891224661398,60.466965248038925,22.344041540621742,582.6335702215677,1806.3800788913054,3.28825471824432,1,0,0,None
2026-08-07 22:25:00,SRV005,55.42490117624411,58.50394367398336,72.49344033653682,32.65667071069233,578.60829917212,2599.4945710456964,3.72352701089734,2,0,0,None
2026-08-07 22:30:00,SRV002,31.000759988734828,66.25836055220833,58.60352124929416,30.012653906963678,505.1938332455588,2159.929843368385,3.012661028244469,0,0,0,None
2026-08-07 22:35:00,SRV002,76.14859325912542,60.90534447487632,72.33212442512118,25.9938676449796,396.15325626611116,2884.962666604817,2.9244633368575945,0,0,0,None
